{"type": "FeatureCollection", "features": [{"type": "Feature", "properties": {"zone": "c0_0", "q_main": 0.979, "q_local": 0.979}, "geometry": {"type": "Polygon", "coordinates": [[[38.73728, 44.921007], [38.76272, 44.921007], [38.76272, 44.938993], [38.73728, 44.938993], [38.73728, 44.921007]]]}}, {"type": "Feature", "properties": {"zone": "c1_0", "q_main": 0.975, "q_local": 0.975}, "geometry": {"type": "Polygon", "coordinates": [[[38.76272, 44.921007], [38.788159, 44.921007], [38.788159, 44.938993], [38.76272, 44.938993], [38.76272, 44.921007]]]}}, {"type": "Feature", "properties": {"zone": "c2_0", "q_main": 0.969, "q_local": 0.969}, "geometry": {"type": "Polygon", "coordinates": [[[38.788159, 44.921007], [38.813598, 44.921007], [38.813598, 44.938993], [38.788159, 44.938993], [38.788159, 44.921007]]]}}, {"type": "Feature", "properties": {"zone": "c3_0", "q_main": 0.96, "q_local": 0.96}, "geometry": {"type": "Polygon", "coordinates": [[[38.813598, 44.921007], [38.839038, 44.921007], [38.839038, 44.938993], [38.813598, 44.938993], [38.813598, 44.921007]]]}}, {"type": "Feature", "properties": {"zone": "c4_0", "q_main": 0.95, "q_local": 0.949}, "geometry": {"type": "Polygon", "coordinates": [[[38.839038, 44.921007], [38.864477, 44.921007], [38.864477, 44.938993], [38.839038, 44.938993], [38.839038, 44.921007]]]}}, {"type": "Feature", "properties": {"zone": "c5_0", "q_main": 0.945, "q_local": 0.941}, "geometry": {"type": "Polygon", "coordinates": [[[38.864477, 44.921007], [38.889916, 44.921007], [38.889916, 44.938993], [38.864477, 44.938993], [38.864477, 44.921007]]]}}, {"type": "Feature", "properties": {"zone": "c6_0", "q_main": 0.985, "q_local": 0.943}, "geometry": {"type": "Polygon", "coordinates": [[[38.889916, 44.921007], [38.915356, 44.921007], [38.915356, 44.938993], [38.889916, 44.938993], [38.889916, 44.921007]]]}}, {"type": "Feature", "properties": {"zone": "c7_0", "q_main": 0.78, "q_local": 0.776}, "geometry": {"type": "Polygon", "coordinates": [[[38.915356, 44.921007], [38.940795, 44.921007], [38.940795, 44.938993], [38.915356, 44.938993], [38.915356, 44.921007]]]}}, {"type": "Feature", "properties": {"zone": "c8_0", "q_main": 0.631, "q_local": 0.645}, "geometry": {"type": "Polygon", "coordinates": [[[38.940795, 44.921007], [38.966234, 44.921007], [38.966234, 44.938993], [38.940795, 44.938993], [38.940795, 44.921007]]]}}, {"type": "Feature", "properties": {"zone": "c9_0", "q_main": 0.55, "q_local": 0.569}, "geometry": {"type": "Polygon", "coordinates": [[[38.966234, 44.921007], [38.991674, 44.921007], [38.991674, 44.938993], [38.966234, 44.938993], [38.966234, 44.921007]]]}}, {"type": "Feature", "properties": {"zone": "c10_0", "q_main": 0.51, "q_local": 0.53}, "geometry": {"type": "Polygon", "coordinates": [[[38.991674, 44.921007], [39.017113, 44.921007], [39.017113, 44.938993], [38.991674, 44.938993], [38.991674, 44.921007]]]}}, {"type": "Feature", "properties": {"zone": "c11_0", "q_main": 0.471, "q_local": 0.5}, "geometry": {"type": "Polygon", "coordinates": [[[39.017113, 44.921007], [39.042552, 44.921007], [39.042552, 44.938993], [39.017113, 44.938993], [39.017113, 44.921007]]]}}, {"type": "Feature", "properties": {"zone": "c12_0", "q_main": 0.411, "q_local": 0.464}, "geometry": {"type": "Polygon", "coordinates": [[[39.042552, 44.921007], [39.067992, 44.921007], [39.067992, 44.938993], [39.042552, 44.938993], [39.042552, 44.921007]]]}}, {"type": "Feature", "properties": {"zone": "c13_0", "q_main": 0.395, "q_local": 0.456}, "geometry": {"type": "Polygon", "coordinates": [[[39.067992, 44.921007], [39.093431, 44.921007], [39.093431, 44.938993], [39.067992, 44.938993], [39.067992, 44.921007]]]}}, {"type": "Feature", "properties": {"zone": "c14_0", "q_main": 0.463, "q_local": 0.502}, "geometry": {"type": "Polygon", "coordinates": [[[39.093431, 44.921007], [39.11887, 44.921007], [39.11887, 44.938993], [39.093431, 44.938993], [39.093431, 44.921007]]]}}, {"type": "Feature", "properties": {"zone": "c15_0", "q_main": 0.574, "q_local": 0.594}, "geometry": {"type": "Polygon", "coordinates": [[[39.11887, 44.921007], [39.14431, 44.921007], [39.14431, 44.938993], [39.11887, 44.938993], [39.11887, 44.921007]]]}}, {"type": "Feature", "properties": {"zone": "c16_0", "q_main": 0.723, "q_local": 0.727}, "geometry": {"type": "Polygon", "coordinates": [[[39.14431, 44.921007], [39.169749, 44.921007], [39.169749, 44.938993], [39.14431, 44.938993], [39.14431, 44.921007]]]}}, {"type": "Feature", "properties": {"zone": "c17_0", "q_main": 0.824, "q_local": 0.825}, "geometry": {"type": "Polygon", "coordinates": [[[39.169749, 44.921007], [39.195188, 44.921007], [39.195188, 44.938993], [39.169749, 44.938993], [39.169749, 44.921007]]]}}, {"type": "Feature", "properties": {"zone": "c18_0", "q_main": 0.887, "q_local": 0.887}, "geometry": {"type": "Polygon", "coordinates": [[[39.195188, 44.921007], [39.220628, 44.921007], [39.220628, 44.938993], [39.195188, 44.938993], [39.195188, 44.921007]]]}}, {"type": "Feature", "properties": {"zone": "c19_0", "q_main": 0.925, "q_local": 0.925}, "geometry": {"type": "Polygon", "coordinates": [[[39.220628, 44.921007], [39.246067, 44.921007], [39.246067, 44.938993], [39.220628, 44.938993], [39.220628, 44.921007]]]}}, {"type": "Feature", "properties": {"zone": "c20_0", "q_main": 0.949, "q_local": 0.949}, "geometry": {"type": "Polygon", "coordinates": [[[39.246067, 44.921007], [39.271506, 44.921007], [39.271506, 44.938993], [39.246067, 44.938993], [39.246067, 44.921007]]]}}, {"type": "Feature", "properties": {"zone": "c21_0", "q_main": 0.963, "q_local": 0.963}, "geometry": {"type": "Polygon", "coordinates": [[[39.271506, 44.921007], [39.296946, 44.921007], [39.296946, 44.938993], [39.271506, 44.938993], [39.271506, 44.921007]]]}}, {"type": "Feature", "properties": {"zone": "c22_0", "q_main": 0.969, "q_local": 0.969}, "geometry": {"type": "Polygon", "coordinates": [[[39.296946, 44.921007], [39.322385, 44.921007], [39.322385, 44.938993], [39.296946, 44.938993], [39.296946, 44.921007]]]}}, {"type": "Feature", "properties": {"zone": "c0_1", "q_main": 0.975, "q_local": 0.975}, "geometry": {"type": "Polygon", "coordinates": [[[38.73728, 44.938993], [38.76272, 44.938993], [38.76272, 44.956978], [38.73728, 44.956978], [38.73728, 44.938993]]]}}, {"type": "Feature", "properties": {"zone": "c1_1", "q_main": 0.971, "q_local": 0.971}, "geometry": {"type": "Polygon", "coordinates": [[[38.76272, 44.938993], [38.788159, 44.938993], [38.788159, 44.956978], [38.76272, 44.956978], [38.76272, 44.938993]]]}}, {"type": "Feature", "properties": {"zone": "c2_1", "q_main": 0.963, "q_local": 0.963}, "geometry": {"type": "Polygon", "coordinates": [[[38.788159, 44.938993], [38.813598, 44.938993], [38.813598, 44.956978], [38.788159, 44.956978], [38.788159, 44.938993]]]}}, {"type": "Feature", "properties": {"zone": "c3_1", "q_main": 0.95, "q_local": 0.95}, "geometry": {"type": "Polygon", "coordinates": [[[38.813598, 44.938993], [38.839038, 44.938993], [38.839038, 44.956978], [38.813598, 44.956978], [38.813598, 44.938993]]]}}, {"type": "Feature", "properties": {"zone": "c4_1", "q_main": 0.93, "q_local": 0.93}, "geometry": {"type": "Polygon", "coordinates": [[[38.839038, 44.938993], [38.864477, 44.938993], [38.864477, 44.956978], [38.839038, 44.956978], [38.839038, 44.938993]]]}}, {"type": "Feature", "properties": {"zone": "c5_1", "q_main": 0.899, "q_local": 0.898}, "geometry": {"type": "Polygon", "coordinates": [[[38.864477, 44.938993], [38.889916, 44.938993], [38.889916, 44.956978], [38.864477, 44.956978], [38.864477, 44.938993]]]}}, {"type": "Feature", "properties": {"zone": "c6_1", "q_main": 0.845, "q_local": 0.834}, "geometry": {"type": "Polygon", "coordinates": [[[38.889916, 44.938993], [38.915356, 44.938993], [38.915356, 44.956978], [38.889916, 44.956978], [38.889916, 44.938993]]]}}, {"type": "Feature", "properties": {"zone": "c7_1", "q_main": 0.543, "q_local": 0.642}, "geometry": {"type": "Polygon", "coordinates": [[[38.915356, 44.938993], [38.940795, 44.938993], [38.940795, 44.956978], [38.915356, 44.956978], [38.915356, 44.938993]]]}}, {"type": "Feature", "properties": {"zone": "c8_1", "q_main": 0.411, "q_local": 0.523}, "geometry": {"type": "Polygon", "coordinates": [[[38.940795, 44.938993], [38.966234, 44.938993], [38.966234, 44.956978], [38.940795, 44.956978], [38.940795, 44.938993]]]}}, {"type": "Feature", "properties": {"zone": "c9_1", "q_main": 0.317, "q_local": 0.46}, "geometry": {"type": "Polygon", "coordinates": [[[38.966234, 44.938993], [38.991674, 44.938993], [38.991674, 44.956978], [38.966234, 44.956978], [38.966234, 44.938993]]]}}, {"type": "Feature", "properties": {"zone": "c10_1", "q_main": 0.3, "q_local": 0.443}, "geometry": {"type": "Polygon", "coordinates": [[[38.991674, 44.938993], [39.017113, 44.938993], [39.017113, 44.956978], [38.991674, 44.956978], [38.991674, 44.938993]]]}}, {"type": "Feature", "properties": {"zone": "c11_1", "q_main": 0.3, "q_local": 0.44}, "geometry": {"type": "Polygon", "coordinates": [[[39.017113, 44.938993], [39.042552, 44.938993], [39.042552, 44.956978], [39.017113, 44.956978], [39.017113, 44.938993]]]}}, {"type": "Feature", "properties": {"zone": "c12_1", "q_main": 0.3, "q_local": 0.433}, "geometry": {"type": "Polygon", "coordinates": [[[39.042552, 44.938993], [39.067992, 44.938993], [39.067992, 44.956978], [39.042552, 44.956978], [39.042552, 44.938993]]]}}, {"type": "Feature", "properties": {"zone": "c13_1", "q_main": 0.3, "q_local": 0.424}, "geometry": {"type": "Polygon", "coordinates": [[[39.067992, 44.938993], [39.093431, 44.938993], [39.093431, 44.956978], [39.067992, 44.956978], [39.067992, 44.938993]]]}}, {"type": "Feature", "properties": {"zone": "c14_1", "q_main": 0.3, "q_local": 0.422}, "geometry": {"type": "Polygon", "coordinates": [[[39.093431, 44.938993], [39.11887, 44.938993], [39.11887, 44.956978], [39.093431, 44.956978], [39.093431, 44.938993]]]}}, {"type": "Feature", "properties": {"zone": "c15_1", "q_main": 0.353, "q_local": 0.49}, "geometry": {"type": "Polygon", "coordinates": [[[39.11887, 44.938993], [39.14431, 44.938993], [39.14431, 44.956978], [39.11887, 44.956978], [39.11887, 44.938993]]]}}, {"type": "Feature", "properties": {"zone": "c16_1", "q_main": 0.676, "q_local": 0.691}, "geometry": {"type": "Polygon", "coordinates": [[[39.14431, 44.938993], [39.169749, 44.938993], [39.169749, 44.956978], [39.14431, 44.956978], [39.14431, 44.938993]]]}}, {"type": "Feature", "properties": {"zone": "c17_1", "q_main": 0.809, "q_local": 0.81}, "geometry": {"type": "Polygon", "coordinates": [[[39.169749, 44.938993], [39.195188, 44.938993], [39.195188, 44.956978], [39.169749, 44.956978], [39.169749, 44.938993]]]}}, {"type": "Feature", "properties": {"zone": "c18_1", "q_main": 0.877, "q_local": 0.877}, "geometry": {"type": "Polygon", "coordinates": [[[39.195188, 44.938993], [39.220628, 44.938993], [39.220628, 44.956978], [39.195188, 44.956978], [39.195188, 44.938993]]]}}, {"type": "Feature", "properties": {"zone": "c19_1", "q_main": 0.918, "q_local": 0.918}, "geometry": {"type": "Polygon", "coordinates": [[[39.220628, 44.938993], [39.246067, 44.938993], [39.246067, 44.956978], [39.220628, 44.956978], [39.220628, 44.938993]]]}}, {"type": "Feature", "properties": {"zone": "c20_1", "q_main": 0.944, "q_local": 0.944}, "geometry": {"type": "Polygon", "coordinates": [[[39.246067, 44.938993], [39.271506, 44.938993], [39.271506, 44.956978], [39.246067, 44.956978], [39.246067, 44.938993]]]}}, {"type": "Feature", "properties": {"zone": "c21_1", "q_main": 0.959, "q_local": 0.959}, "geometry": {"type": "Polygon", "coordinates": [[[39.271506, 44.938993], [39.296946, 44.938993], [39.296946, 44.956978], [39.271506, 44.956978], [39.271506, 44.938993]]]}}, {"type": "Feature", "properties": {"zone": "c22_1", "q_main": 0.967, "q_local": 0.967}, "geometry": {"type": "Polygon", "coordinates": [[[39.296946, 44.938993], [39.322385, 44.938993], [39.322385, 44.956978], [39.296946, 44.956978], [39.296946, 44.938993]]]}}, {"type": "Feature", "properties": {"zone": "c0_2", "q_main": 0.968, "q_local": 0.968}, "geometry": {"type": "Polygon", "coordinates": [[[38.73728, 44.956978], [38.76272, 44.956978], [38.76272, 44.974964], [38.73728, 44.974964], [38.73728, 44.956978]]]}}, {"type": "Feature", "properties": {"zone": "c1_2", "q_main": 0.963, "q_local": 0.963}, "geometry": {"type": "Polygon", "coordinates": [[[38.76272, 44.956978], [38.788159, 44.956978], [38.788159, 44.974964], [38.76272, 44.974964], [38.76272, 44.956978]]]}}, {"type": "Feature", "properties": {"zone": "c2_2", "q_main": 0.951, "q_local": 0.951}, "geometry": {"type": "Polygon", "coordinates": [[[38.788159, 44.956978], [38.813598, 44.956978], [38.813598, 44.974964], [38.788159, 44.974964], [38.788159, 44.956978]]]}}, {"type": "Feature", "properties": {"zone": "c3_2", "q_main": 0.931, "q_local": 0.931}, "geometry": {"type": "Polygon", "coordinates": [[[38.813598, 44.956978], [38.839038, 44.956978], [38.839038, 44.974964], [38.813598, 44.974964], [38.813598, 44.956978]]]}}, {"type": "Feature", "properties": {"zone": "c4_2", "q_main": 0.901, "q_local": 0.9}, "geometry": {"type": "Polygon", "coordinates": [[[38.839038, 44.956978], [38.864477, 44.956978], [38.864477, 44.974964], [38.839038, 44.974964], [38.839038, 44.956978]]]}}, {"type": "Feature", "properties": {"zone": "c5_2", "q_main": 0.852, "q_local": 0.852}, "geometry": {"type": "Polygon", "coordinates": [[[38.864477, 44.956978], [38.889916, 44.956978], [38.889916, 44.974964], [38.864477, 44.974964], [38.864477, 44.956978]]]}}, {"type": "Feature", "properties": {"zone": "c6_2", "q_main": 0.768, "q_local": 0.77}, "geometry": {"type": "Polygon", "coordinates": [[[38.889916, 44.956978], [38.915356, 44.956978], [38.915356, 44.974964], [38.889916, 44.974964], [38.889916, 44.956978]]]}}, {"type": "Feature", "properties": {"zone": "c7_2", "q_main": 0.528, "q_local": 0.623}, "geometry": {"type": "Polygon", "coordinates": [[[38.915356, 44.956978], [38.940795, 44.956978], [38.940795, 44.974964], [38.915356, 44.974964], [38.915356, 44.956978]]]}}, {"type": "Feature", "properties": {"zone": "c8_2", "q_main": 0.407, "q_local": 0.543}, "geometry": {"type": "Polygon", "coordinates": [[[38.940795, 44.956978], [38.966234, 44.956978], [38.966234, 44.974964], [38.940795, 44.974964], [38.940795, 44.956978]]]}}, {"type": "Feature", "properties": {"zone": "c9_2", "q_main": 0.498, "q_local": 0.573}, "geometry": {"type": "Polygon", "coordinates": [[[38.966234, 44.956978], [38.991674, 44.956978], [38.991674, 44.974964], [38.966234, 44.974964], [38.966234, 44.956978]]]}}, {"type": "Feature", "properties": {"zone": "c10_2", "q_main": 0.557, "q_local": 0.607}, "geometry": {"type": "Polygon", "coordinates": [[[38.991674, 44.956978], [39.017113, 44.956978], [39.017113, 44.974964], [38.991674, 44.974964], [38.991674, 44.956978]]]}}, {"type": "Feature", "properties": {"zone": "c11_2", "q_main": 0.61, "q_local": 0.635}, "geometry": {"type": "Polygon", "coordinates": [[[39.017113, 44.956978], [39.042552, 44.956978], [39.042552, 44.974964], [39.017113, 44.974964], [39.017113, 44.956978]]]}}, {"type": "Feature", "properties": {"zone": "c12_2", "q_main": 0.607, "q_local": 0.631}, "geometry": {"type": "Polygon", "coordinates": [[[39.042552, 44.956978], [39.067992, 44.956978], [39.067992, 44.974964], [39.042552, 44.974964], [39.042552, 44.956978]]]}}, {"type": "Feature", "properties": {"zone": "c13_2", "q_main": 0.546, "q_local": 0.581}, "geometry": {"type": "Polygon", "coordinates": [[[39.067992, 44.956978], [39.093431, 44.956978], [39.093431, 44.974964], [39.067992, 44.974964], [39.067992, 44.956978]]]}}, {"type": "Feature", "properties": {"zone": "c14_2", "q_main": 0.338, "q_local": 0.467}, "geometry": {"type": "Polygon", "coordinates": [[[39.093431, 44.956978], [39.11887, 44.956978], [39.11887, 44.974964], [39.093431, 44.974964], [39.093431, 44.956978]]]}}, {"type": "Feature", "properties": {"zone": "c15_2", "q_main": 0.401, "q_local": 0.514}, "geometry": {"type": "Polygon", "coordinates": [[[39.11887, 44.956978], [39.14431, 44.956978], [39.14431, 44.974964], [39.11887, 44.974964], [39.11887, 44.956978]]]}}, {"type": "Feature", "properties": {"zone": "c16_2", "q_main": 0.676, "q_local": 0.69}, "geometry": {"type": "Polygon", "coordinates": [[[39.14431, 44.956978], [39.169749, 44.956978], [39.169749, 44.974964], [39.14431, 44.974964], [39.14431, 44.956978]]]}}, {"type": "Feature", "properties": {"zone": "c17_2", "q_main": 0.795, "q_local": 0.796}, "geometry": {"type": "Polygon", "coordinates": [[[39.169749, 44.956978], [39.195188, 44.956978], [39.195188, 44.974964], [39.169749, 44.974964], [39.169749, 44.956978]]]}}, {"type": "Feature", "properties": {"zone": "c18_2", "q_main": 0.857, "q_local": 0.857}, "geometry": {"type": "Polygon", "coordinates": [[[39.195188, 44.956978], [39.220628, 44.956978], [39.220628, 44.974964], [39.195188, 44.974964], [39.195188, 44.956978]]]}}, {"type": "Feature", "properties": {"zone": "c19_2", "q_main": 0.9, "q_local": 0.9}, "geometry": {"type": "Polygon", "coordinates": [[[39.220628, 44.956978], [39.246067, 44.956978], [39.246067, 44.974964], [39.220628, 44.974964], [39.220628, 44.956978]]]}}, {"type": "Feature", "properties": {"zone": "c20_2", "q_main": 0.932, "q_local": 0.932}, "geometry": {"type": "Polygon", "coordinates": [[[39.246067, 44.956978], [39.271506, 44.956978], [39.271506, 44.974964], [39.246067, 44.974964], [39.246067, 44.956978]]]}}, {"type": "Feature", "properties": {"zone": "c21_2", "q_main": 0.952, "q_local": 0.952}, "geometry": {"type": "Polygon", "coordinates": [[[39.271506, 44.956978], [39.296946, 44.956978], [39.296946, 44.974964], [39.271506, 44.974964], [39.271506, 44.956978]]]}}, {"type": "Feature", "properties": {"zone": "c22_2", "q_main": 0.961, "q_local": 0.961}, "geometry": {"type": "Polygon", "coordinates": [[[39.296946, 44.956978], [39.322385, 44.956978], [39.322385, 44.974964], [39.296946, 44.974964], [39.296946, 44.956978]]]}}, {"type": "Feature", "properties": {"zone": "c0_3", "q_main": 0.958, "q_local": 0.958}, "geometry": {"type": "Polygon", "coordinates": [[[38.73728, 44.974964], [38.76272, 44.974964], [38.76272, 44.99295], [38.73728, 44.99295], [38.73728, 44.974964]]]}}, {"type": "Feature", "properties": {"zone": "c1_3", "q_main": 0.949, "q_local": 0.949}, "geometry": {"type": "Polygon", "coordinates": [[[38.76272, 44.974964], [38.788159, 44.974964], [38.788159, 44.99295], [38.76272, 44.99295], [38.76272, 44.974964]]]}}, {"type": "Feature", "properties": {"zone": "c2_3", "q_main": 0.931, "q_local": 0.931}, "geometry": {"type": "Polygon", "coordinates": [[[38.788159, 44.974964], [38.813598, 44.974964], [38.813598, 44.99295], [38.788159, 44.99295], [38.788159, 44.974964]]]}}, {"type": "Feature", "properties": {"zone": "c3_3", "q_main": 0.903, "q_local": 0.903}, "geometry": {"type": "Polygon", "coordinates": [[[38.813598, 44.974964], [38.839038, 44.974964], [38.839038, 44.99295], [38.813598, 44.99295], [38.813598, 44.974964]]]}}, {"type": "Feature", "properties": {"zone": "c4_3", "q_main": 0.86, "q_local": 0.858}, "geometry": {"type": "Polygon", "coordinates": [[[38.839038, 44.974964], [38.864477, 44.974964], [38.864477, 44.99295], [38.839038, 44.99295], [38.839038, 44.974964]]]}}, {"type": "Feature", "properties": {"zone": "c5_3", "q_main": 0.798, "q_local": 0.791}, "geometry": {"type": "Polygon", "coordinates": [[[38.864477, 44.974964], [38.889916, 44.974964], [38.889916, 44.99295], [38.864477, 44.99295], [38.864477, 44.974964]]]}}, {"type": "Feature", "properties": {"zone": "c6_3", "q_main": 0.738, "q_local": 0.712}, "geometry": {"type": "Polygon", "coordinates": [[[38.889916, 44.974964], [38.915356, 44.974964], [38.915356, 44.99295], [38.889916, 44.99295], [38.889916, 44.974964]]]}}, {"type": "Feature", "properties": {"zone": "c7_3", "q_main": 0.687, "q_local": 0.727}, "geometry": {"type": "Polygon", "coordinates": [[[38.915356, 44.974964], [38.940795, 44.974964], [38.940795, 44.99295], [38.915356, 44.99295], [38.915356, 44.974964]]]}}, {"type": "Feature", "properties": {"zone": "c8_3", "q_main": 0.702, "q_local": 0.749}, "geometry": {"type": "Polygon", "coordinates": [[[38.940795, 44.974964], [38.966234, 44.974964], [38.966234, 44.99295], [38.940795, 44.99295], [38.940795, 44.974964]]]}}, {"type": "Feature", "properties": {"zone": "c9_3", "q_main": 0.767, "q_local": 0.781}, "geometry": {"type": "Polygon", "coordinates": [[[38.966234, 44.974964], [38.991674, 44.974964], [38.991674, 44.99295], [38.966234, 44.99295], [38.966234, 44.974964]]]}}, {"type": "Feature", "properties": {"zone": "c10_3", "q_main": 0.795, "q_local": 0.808}, "geometry": {"type": "Polygon", "coordinates": [[[38.991674, 44.974964], [39.017113, 44.974964], [39.017113, 44.99295], [38.991674, 44.99295], [38.991674, 44.974964]]]}}, {"type": "Feature", "properties": {"zone": "c11_3", "q_main": 0.824, "q_local": 0.833}, "geometry": {"type": "Polygon", "coordinates": [[[39.017113, 44.974964], [39.042552, 44.974964], [39.042552, 44.99295], [39.017113, 44.99295], [39.017113, 44.974964]]]}}, {"type": "Feature", "properties": {"zone": "c12_3", "q_main": 0.785, "q_local": 0.832}, "geometry": {"type": "Polygon", "coordinates": [[[39.042552, 44.974964], [39.067992, 44.974964], [39.067992, 44.99295], [39.042552, 44.99295], [39.042552, 44.974964]]]}}, {"type": "Feature", "properties": {"zone": "c13_3", "q_main": 0.701, "q_local": 0.78}, "geometry": {"type": "Polygon", "coordinates": [[[39.067992, 44.974964], [39.093431, 44.974964], [39.093431, 44.99295], [39.067992, 44.99295], [39.067992, 44.974964]]]}}, {"type": "Feature", "properties": {"zone": "c14_3", "q_main": 0.487, "q_local": 0.575}, "geometry": {"type": "Polygon", "coordinates": [[[39.093431, 44.974964], [39.11887, 44.974964], [39.11887, 44.99295], [39.093431, 44.99295], [39.093431, 44.974964]]]}}, {"type": "Feature", "properties": {"zone": "c15_3", "q_main": 0.516, "q_local": 0.6}, "geometry": {"type": "Polygon", "coordinates": [[[39.11887, 44.974964], [39.14431, 44.974964], [39.14431, 44.99295], [39.11887, 44.99295], [39.11887, 44.974964]]]}}, {"type": "Feature", "properties": {"zone": "c16_3", "q_main": 0.692, "q_local": 0.706}, "geometry": {"type": "Polygon", "coordinates": [[[39.14431, 44.974964], [39.169749, 44.974964], [39.169749, 44.99295], [39.14431, 44.99295], [39.14431, 44.974964]]]}}, {"type": "Feature", "properties": {"zone": "c17_3", "q_main": 0.77, "q_local": 0.772}, "geometry": {"type": "Polygon", "coordinates": [[[39.169749, 44.974964], [39.195188, 44.974964], [39.195188, 44.99295], [39.169749, 44.99295], [39.169749, 44.974964]]]}}, {"type": "Feature", "properties": {"zone": "c18_3", "q_main": 0.815, "q_local": 0.813}, "geometry": {"type": "Polygon", "coordinates": [[[39.195188, 44.974964], [39.220628, 44.974964], [39.220628, 44.99295], [39.195188, 44.99295], [39.195188, 44.974964]]]}}, {"type": "Feature", "properties": {"zone": "c19_3", "q_main": 0.865, "q_local": 0.863}, "geometry": {"type": "Polygon", "coordinates": [[[39.220628, 44.974964], [39.246067, 44.974964], [39.246067, 44.99295], [39.220628, 44.99295], [39.220628, 44.974964]]]}}, {"type": "Feature", "properties": {"zone": "c20_3", "q_main": 0.911, "q_local": 0.91}, "geometry": {"type": "Polygon", "coordinates": [[[39.246067, 44.974964], [39.271506, 44.974964], [39.271506, 44.99295], [39.246067, 44.99295], [39.246067, 44.974964]]]}}, {"type": "Feature", "properties": {"zone": "c21_3", "q_main": 0.94, "q_local": 0.94}, "geometry": {"type": "Polygon", "coordinates": [[[39.271506, 44.974964], [39.296946, 44.974964], [39.296946, 44.99295], [39.271506, 44.99295], [39.271506, 44.974964]]]}}, {"type": "Feature", "properties": {"zone": "c22_3", "q_main": 0.954, "q_local": 0.954}, "geometry": {"type": "Polygon", "coordinates": [[[39.296946, 44.974964], [39.322385, 44.974964], [39.322385, 44.99295], [39.296946, 44.99295], [39.296946, 44.974964]]]}}, {"type": "Feature", "properties": {"zone": "c0_4", "q_main": 0.943, "q_local": 0.943}, "geometry": {"type": "Polygon", "coordinates": [[[38.73728, 44.99295], [38.76272, 44.99295], [38.76272, 45.010935], [38.73728, 45.010935], [38.73728, 44.99295]]]}}, {"type": "Feature", "properties": {"zone": "c1_4", "q_main": 0.929, "q_local": 0.929}, "geometry": {"type": "Polygon", "coordinates": [[[38.76272, 44.99295], [38.788159, 44.99295], [38.788159, 45.010935], [38.76272, 45.010935], [38.76272, 44.99295]]]}}, {"type": "Feature", "properties": {"zone": "c2_4", "q_main": 0.902, "q_local": 0.902}, "geometry": {"type": "Polygon", "coordinates": [[[38.788159, 44.99295], [38.813598, 44.99295], [38.813598, 45.010935], [38.788159, 45.010935], [38.788159, 44.99295]]]}}, {"type": "Feature", "properties": {"zone": "c3_4", "q_main": 0.862, "q_local": 0.861}, "geometry": {"type": "Polygon", "coordinates": [[[38.813598, 44.99295], [38.839038, 44.99295], [38.839038, 45.010935], [38.813598, 45.010935], [38.813598, 44.99295]]]}}, {"type": "Feature", "properties": {"zone": "c4_4", "q_main": 0.798, "q_local": 0.792}, "geometry": {"type": "Polygon", "coordinates": [[[38.839038, 44.99295], [38.864477, 44.99295], [38.864477, 45.010935], [38.839038, 45.010935], [38.839038, 44.99295]]]}}, {"type": "Feature", "properties": {"zone": "c5_4", "q_main": 0.703, "q_local": 0.66}, "geometry": {"type": "Polygon", "coordinates": [[[38.864477, 44.99295], [38.889916, 44.99295], [38.889916, 45.010935], [38.864477, 45.010935], [38.864477, 44.99295]]]}}, {"type": "Feature", "properties": {"zone": "c6_4", "q_main": 0.618, "q_local": 0.391}, "geometry": {"type": "Polygon", "coordinates": [[[38.889916, 44.99295], [38.915356, 44.99295], [38.915356, 45.010935], [38.889916, 45.010935], [38.889916, 44.99295]]]}}, {"type": "Feature", "properties": {"zone": "c7_4", "q_main": 0.507, "q_local": 0.3}, "geometry": {"type": "Polygon", "coordinates": [[[38.915356, 44.99295], [38.940795, 44.99295], [38.940795, 45.010935], [38.915356, 45.010935], [38.915356, 44.99295]]]}}, {"type": "Feature", "properties": {"zone": "c8_4", "q_main": 0.845, "q_local": 0.823}, "geometry": {"type": "Polygon", "coordinates": [[[38.940795, 44.99295], [38.966234, 44.99295], [38.966234, 45.010935], [38.940795, 45.010935], [38.940795, 44.99295]]]}}, {"type": "Feature", "properties": {"zone": "c9_4", "q_main": 0.962, "q_local": 0.966}, "geometry": {"type": "Polygon", "coordinates": [[[38.966234, 44.99295], [38.991674, 44.99295], [38.991674, 45.010935], [38.966234, 45.010935], [38.966234, 44.99295]]]}}, {"type": "Feature", "properties": {"zone": "c10_4", "q_main": 0.931, "q_local": 0.992}, "geometry": {"type": "Polygon", "coordinates": [[[38.991674, 44.99295], [39.017113, 44.99295], [39.017113, 45.010935], [38.991674, 45.010935], [38.991674, 44.99295]]]}}, {"type": "Feature", "properties": {"zone": "c11_4", "q_main": 1.031, "q_local": 1.029}, "geometry": {"type": "Polygon", "coordinates": [[[39.017113, 44.99295], [39.042552, 44.99295], [39.042552, 45.010935], [39.017113, 45.010935], [39.017113, 44.99295]]]}}, {"type": "Feature", "properties": {"zone": "c12_4", "q_main": 0.803, "q_local": 1.023}, "geometry": {"type": "Polygon", "coordinates": [[[39.042552, 44.99295], [39.067992, 44.99295], [39.067992, 45.010935], [39.042552, 45.010935], [39.042552, 44.99295]]]}}, {"type": "Feature", "properties": {"zone": "c13_4", "q_main": 0.661, "q_local": 1.121}, "geometry": {"type": "Polygon", "coordinates": [[[39.067992, 44.99295], [39.093431, 44.99295], [39.093431, 45.010935], [39.067992, 45.010935], [39.067992, 44.99295]]]}}, {"type": "Feature", "properties": {"zone": "c14_4", "q_main": 1.037, "q_local": 1.198}, "geometry": {"type": "Polygon", "coordinates": [[[39.093431, 44.99295], [39.11887, 44.99295], [39.11887, 45.010935], [39.093431, 45.010935], [39.093431, 44.99295]]]}}, {"type": "Feature", "properties": {"zone": "c15_4", "q_main": 0.557, "q_local": 0.734}, "geometry": {"type": "Polygon", "coordinates": [[[39.11887, 44.99295], [39.14431, 44.99295], [39.14431, 45.010935], [39.11887, 45.010935], [39.11887, 44.99295]]]}}, {"type": "Feature", "properties": {"zone": "c16_4", "q_main": 0.675, "q_local": 0.712}, "geometry": {"type": "Polygon", "coordinates": [[[39.14431, 44.99295], [39.169749, 44.99295], [39.169749, 45.010935], [39.14431, 45.010935], [39.14431, 44.99295]]]}}, {"type": "Feature", "properties": {"zone": "c17_4", "q_main": 0.702, "q_local": 0.712}, "geometry": {"type": "Polygon", "coordinates": [[[39.169749, 44.99295], [39.195188, 44.99295], [39.195188, 45.010935], [39.169749, 45.010935], [39.169749, 44.99295]]]}}, {"type": "Feature", "properties": {"zone": "c18_4", "q_main": 0.719, "q_local": 0.696}, "geometry": {"type": "Polygon", "coordinates": [[[39.195188, 44.99295], [39.220628, 44.99295], [39.220628, 45.010935], [39.195188, 45.010935], [39.195188, 44.99295]]]}}, {"type": "Feature", "properties": {"zone": "c19_4", "q_main": 0.798, "q_local": 0.784}, "geometry": {"type": "Polygon", "coordinates": [[[39.220628, 44.99295], [39.246067, 44.99295], [39.246067, 45.010935], [39.220628, 45.010935], [39.220628, 44.99295]]]}}, {"type": "Feature", "properties": {"zone": "c20_4", "q_main": 0.88, "q_local": 0.877}, "geometry": {"type": "Polygon", "coordinates": [[[39.246067, 44.99295], [39.271506, 44.99295], [39.271506, 45.010935], [39.246067, 45.010935], [39.246067, 44.99295]]]}}, {"type": "Feature", "properties": {"zone": "c21_4", "q_main": 0.927, "q_local": 0.927}, "geometry": {"type": "Polygon", "coordinates": [[[39.271506, 44.99295], [39.296946, 44.99295], [39.296946, 45.010935], [39.271506, 45.010935], [39.271506, 44.99295]]]}}, {"type": "Feature", "properties": {"zone": "c22_4", "q_main": 0.947, "q_local": 0.947}, "geometry": {"type": "Polygon", "coordinates": [[[39.296946, 44.99295], [39.322385, 44.99295], [39.322385, 45.010935], [39.296946, 45.010935], [39.296946, 44.99295]]]}}, {"type": "Feature", "properties": {"zone": "c0_5", "q_main": 0.924, "q_local": 0.924}, "geometry": {"type": "Polygon", "coordinates": [[[38.73728, 45.010935], [38.76272, 45.010935], [38.76272, 45.028921], [38.73728, 45.028921], [38.73728, 45.010935]]]}}, {"type": "Feature", "properties": {"zone": "c1_5", "q_main": 0.901, "q_local": 0.901}, "geometry": {"type": "Polygon", "coordinates": [[[38.76272, 45.010935], [38.788159, 45.010935], [38.788159, 45.028921], [38.76272, 45.028921], [38.76272, 45.010935]]]}}, {"type": "Feature", "properties": {"zone": "c2_5", "q_main": 0.858, "q_local": 0.859}, "geometry": {"type": "Polygon", "coordinates": [[[38.788159, 45.010935], [38.813598, 45.010935], [38.813598, 45.028921], [38.788159, 45.028921], [38.788159, 45.010935]]]}}, {"type": "Feature", "properties": {"zone": "c3_5", "q_main": 0.804, "q_local": 0.805}, "geometry": {"type": "Polygon", "coordinates": [[[38.813598, 45.010935], [38.839038, 45.010935], [38.839038, 45.028921], [38.813598, 45.028921], [38.813598, 45.010935]]]}}, {"type": "Feature", "properties": {"zone": "c4_5", "q_main": 0.727, "q_local": 0.708}, "geometry": {"type": "Polygon", "coordinates": [[[38.839038, 45.010935], [38.864477, 45.010935], [38.864477, 45.028921], [38.839038, 45.028921], [38.839038, 45.010935]]]}}, {"type": "Feature", "properties": {"zone": "c5_5", "q_main": 0.636, "q_local": 0.439}, "geometry": {"type": "Polygon", "coordinates": [[[38.864477, 45.010935], [38.889916, 45.010935], [38.889916, 45.028921], [38.864477, 45.028921], [38.864477, 45.010935]]]}}, {"type": "Feature", "properties": {"zone": "c6_5", "q_main": 1.076, "q_local": 0.514}, "geometry": {"type": "Polygon", "coordinates": [[[38.889916, 45.010935], [38.915356, 45.010935], [38.915356, 45.028921], [38.889916, 45.028921], [38.889916, 45.010935]]]}}, {"type": "Feature", "properties": {"zone": "c7_5", "q_main": 1.047, "q_local": 0.712}, "geometry": {"type": "Polygon", "coordinates": [[[38.915356, 45.010935], [38.940795, 45.010935], [38.940795, 45.028921], [38.915356, 45.028921], [38.915356, 45.010935]]]}}, {"type": "Feature", "properties": {"zone": "c8_5", "q_main": 0.934, "q_local": 0.628}, "geometry": {"type": "Polygon", "coordinates": [[[38.940795, 45.010935], [38.966234, 45.010935], [38.966234, 45.028921], [38.940795, 45.028921], [38.940795, 45.010935]]]}}, {"type": "Feature", "properties": {"zone": "c9_5", "q_main": 1.382, "q_local": 1.259}, "geometry": {"type": "Polygon", "coordinates": [[[38.966234, 45.010935], [38.991674, 45.010935], [38.991674, 45.028921], [38.966234, 45.028921], [38.966234, 45.010935]]]}}, {"type": "Feature", "properties": {"zone": "c10_5", "q_main": 0.82, "q_local": 1.317}, "geometry": {"type": "Polygon", "coordinates": [[[38.991674, 45.010935], [39.017113, 45.010935], [39.017113, 45.028921], [38.991674, 45.028921], [38.991674, 45.010935]]]}}, {"type": "Feature", "properties": {"zone": "c11_5", "q_main": 1.89, "q_local": 1.711}, "geometry": {"type": "Polygon", "coordinates": [[[39.017113, 45.010935], [39.042552, 45.010935], [39.042552, 45.028921], [39.017113, 45.028921], [39.017113, 45.010935]]]}}, {"type": "Feature", "properties": {"zone": "c12_5", "q_main": 1.632, "q_local": 1.267}, "geometry": {"type": "Polygon", "coordinates": [[[39.042552, 45.010935], [39.067992, 45.010935], [39.067992, 45.028921], [39.042552, 45.028921], [39.042552, 45.010935]]]}}, {"type": "Feature", "properties": {"zone": "c13_5", "q_main": 0.705, "q_local": 1.028}, "geometry": {"type": "Polygon", "coordinates": [[[39.067992, 45.010935], [39.093431, 45.010935], [39.093431, 45.028921], [39.067992, 45.028921], [39.067992, 45.010935]]]}}, {"type": "Feature", "properties": {"zone": "c14_5", "q_main": 1.056, "q_local": 0.727}, "geometry": {"type": "Polygon", "coordinates": [[[39.093431, 45.010935], [39.11887, 45.010935], [39.11887, 45.028921], [39.093431, 45.028921], [39.093431, 45.010935]]]}}, {"type": "Feature", "properties": {"zone": "c15_5", "q_main": 0.872, "q_local": 0.814}, "geometry": {"type": "Polygon", "coordinates": [[[39.11887, 45.010935], [39.14431, 45.010935], [39.14431, 45.028921], [39.11887, 45.028921], [39.11887, 45.010935]]]}}, {"type": "Feature", "properties": {"zone": "c16_5", "q_main": 0.657, "q_local": 0.721}, "geometry": {"type": "Polygon", "coordinates": [[[39.14431, 45.010935], [39.169749, 45.010935], [39.169749, 45.028921], [39.14431, 45.028921], [39.14431, 45.010935]]]}}, {"type": "Feature", "properties": {"zone": "c17_5", "q_main": 0.523, "q_local": 0.61}, "geometry": {"type": "Polygon", "coordinates": [[[39.169749, 45.010935], [39.195188, 45.010935], [39.195188, 45.028921], [39.169749, 45.028921], [39.169749, 45.010935]]]}}, {"type": "Feature", "properties": {"zone": "c18_5", "q_main": 0.544, "q_local": 0.431}, "geometry": {"type": "Polygon", "coordinates": [[[39.195188, 45.010935], [39.220628, 45.010935], [39.220628, 45.028921], [39.195188, 45.028921], [39.195188, 45.010935]]]}}, {"type": "Feature", "properties": {"zone": "c19_5", "q_main": 0.71, "q_local": 0.627}, "geometry": {"type": "Polygon", "coordinates": [[[39.220628, 45.010935], [39.246067, 45.010935], [39.246067, 45.028921], [39.220628, 45.028921], [39.220628, 45.010935]]]}}, {"type": "Feature", "properties": {"zone": "c20_5", "q_main": 0.854, "q_local": 0.846}, "geometry": {"type": "Polygon", "coordinates": [[[39.246067, 45.010935], [39.271506, 45.010935], [39.271506, 45.028921], [39.246067, 45.028921], [39.246067, 45.010935]]]}}, {"type": "Feature", "properties": {"zone": "c21_5", "q_main": 0.92, "q_local": 0.919}, "geometry": {"type": "Polygon", "coordinates": [[[39.271506, 45.010935], [39.296946, 45.010935], [39.296946, 45.028921], [39.271506, 45.028921], [39.271506, 45.010935]]]}}, {"type": "Feature", "properties": {"zone": "c22_5", "q_main": 0.945, "q_local": 0.944}, "geometry": {"type": "Polygon", "coordinates": [[[39.296946, 45.010935], [39.322385, 45.010935], [39.322385, 45.028921], [39.296946, 45.028921], [39.296946, 45.010935]]]}}, {"type": "Feature", "properties": {"zone": "c0_6", "q_main": 0.905, "q_local": 0.905}, "geometry": {"type": "Polygon", "coordinates": [[[38.73728, 45.028921], [38.76272, 45.028921], [38.76272, 45.046906], [38.73728, 45.046906], [38.73728, 45.028921]]]}}, {"type": "Feature", "properties": {"zone": "c1_6", "q_main": 0.864, "q_local": 0.861}, "geometry": {"type": "Polygon", "coordinates": [[[38.76272, 45.028921], [38.788159, 45.028921], [38.788159, 45.046906], [38.76272, 45.046906], [38.76272, 45.028921]]]}}, {"type": "Feature", "properties": {"zone": "c2_6", "q_main": 0.78, "q_local": 0.786}, "geometry": {"type": "Polygon", "coordinates": [[[38.788159, 45.028921], [38.813598, 45.028921], [38.813598, 45.046906], [38.788159, 45.046906], [38.788159, 45.028921]]]}}, {"type": "Feature", "properties": {"zone": "c3_6", "q_main": 0.706, "q_local": 0.736}, "geometry": {"type": "Polygon", "coordinates": [[[38.813598, 45.028921], [38.839038, 45.028921], [38.839038, 45.046906], [38.813598, 45.046906], [38.813598, 45.028921]]]}}, {"type": "Feature", "properties": {"zone": "c4_6", "q_main": 0.643, "q_local": 0.651}, "geometry": {"type": "Polygon", "coordinates": [[[38.839038, 45.028921], [38.864477, 45.028921], [38.864477, 45.046906], [38.839038, 45.046906], [38.839038, 45.028921]]]}}, {"type": "Feature", "properties": {"zone": "c5_6", "q_main": 0.534, "q_local": 0.401}, "geometry": {"type": "Polygon", "coordinates": [[[38.864477, 45.028921], [38.889916, 45.028921], [38.889916, 45.046906], [38.864477, 45.046906], [38.864477, 45.028921]]]}}, {"type": "Feature", "properties": {"zone": "c6_6", "q_main": 0.584, "q_local": 0.687}, "geometry": {"type": "Polygon", "coordinates": [[[38.889916, 45.028921], [38.915356, 45.028921], [38.915356, 45.046906], [38.889916, 45.046906], [38.889916, 45.028921]]]}}, {"type": "Feature", "properties": {"zone": "c7_6", "q_main": 0.435, "q_local": 1.307}, "geometry": {"type": "Polygon", "coordinates": [[[38.915356, 45.028921], [38.940795, 45.028921], [38.940795, 45.046906], [38.915356, 45.046906], [38.915356, 45.028921]]]}}, {"type": "Feature", "properties": {"zone": "c8_6", "q_main": 1.158, "q_local": 1.146}, "geometry": {"type": "Polygon", "coordinates": [[[38.940795, 45.028921], [38.966234, 45.028921], [38.966234, 45.046906], [38.940795, 45.046906], [38.940795, 45.028921]]]}}, {"type": "Feature", "properties": {"zone": "c9_6", "q_main": 1.827, "q_local": 2.062}, "geometry": {"type": "Polygon", "coordinates": [[[38.966234, 45.028921], [38.991674, 45.028921], [38.991674, 45.046906], [38.966234, 45.046906], [38.966234, 45.028921]]]}}, {"type": "Feature", "properties": {"zone": "c10_6", "q_main": 1.336, "q_local": 1.93}, "geometry": {"type": "Polygon", "coordinates": [[[38.991674, 45.028921], [39.017113, 45.028921], [39.017113, 45.046906], [38.991674, 45.046906], [38.991674, 45.028921]]]}}, {"type": "Feature", "properties": {"zone": "c11_6", "q_main": 0.647, "q_local": 1.172}, "geometry": {"type": "Polygon", "coordinates": [[[39.017113, 45.028921], [39.042552, 45.028921], [39.042552, 45.046906], [39.017113, 45.046906], [39.017113, 45.028921]]]}}, {"type": "Feature", "properties": {"zone": "c12_6", "q_main": 0.3, "q_local": 1.047}, "geometry": {"type": "Polygon", "coordinates": [[[39.042552, 45.028921], [39.067992, 45.028921], [39.067992, 45.046906], [39.042552, 45.046906], [39.042552, 45.028921]]]}}, {"type": "Feature", "properties": {"zone": "c13_6", "q_main": 0.3, "q_local": 1.511}, "geometry": {"type": "Polygon", "coordinates": [[[39.067992, 45.028921], [39.093431, 45.028921], [39.093431, 45.046906], [39.067992, 45.046906], [39.067992, 45.028921]]]}}, {"type": "Feature", "properties": {"zone": "c14_6", "q_main": 1.662, "q_local": 0.693}, "geometry": {"type": "Polygon", "coordinates": [[[39.093431, 45.028921], [39.11887, 45.028921], [39.11887, 45.046906], [39.093431, 45.046906], [39.093431, 45.028921]]]}}, {"type": "Feature", "properties": {"zone": "c15_6", "q_main": 1.832, "q_local": 0.845}, "geometry": {"type": "Polygon", "coordinates": [[[39.11887, 45.028921], [39.14431, 45.028921], [39.14431, 45.046906], [39.11887, 45.046906], [39.11887, 45.028921]]]}}, {"type": "Feature", "properties": {"zone": "c16_6", "q_main": 0.969, "q_local": 0.826}, "geometry": {"type": "Polygon", "coordinates": [[[39.14431, 45.028921], [39.169749, 45.028921], [39.169749, 45.046906], [39.14431, 45.046906], [39.14431, 45.028921]]]}}, {"type": "Feature", "properties": {"zone": "c17_6", "q_main": 0.78, "q_local": 0.775}, "geometry": {"type": "Polygon", "coordinates": [[[39.169749, 45.028921], [39.195188, 45.028921], [39.195188, 45.046906], [39.169749, 45.046906], [39.169749, 45.028921]]]}}, {"type": "Feature", "properties": {"zone": "c18_6", "q_main": 0.757, "q_local": 0.757}, "geometry": {"type": "Polygon", "coordinates": [[[39.195188, 45.028921], [39.220628, 45.028921], [39.220628, 45.046906], [39.195188, 45.046906], [39.195188, 45.028921]]]}}, {"type": "Feature", "properties": {"zone": "c19_6", "q_main": 0.818, "q_local": 0.811}, "geometry": {"type": "Polygon", "coordinates": [[[39.220628, 45.028921], [39.246067, 45.028921], [39.246067, 45.046906], [39.220628, 45.046906], [39.220628, 45.028921]]]}}, {"type": "Feature", "properties": {"zone": "c20_6", "q_main": 0.889, "q_local": 0.888}, "geometry": {"type": "Polygon", "coordinates": [[[39.246067, 45.028921], [39.271506, 45.028921], [39.271506, 45.046906], [39.246067, 45.046906], [39.246067, 45.028921]]]}}, {"type": "Feature", "properties": {"zone": "c21_6", "q_main": 0.932, "q_local": 0.932}, "geometry": {"type": "Polygon", "coordinates": [[[39.271506, 45.028921], [39.296946, 45.028921], [39.296946, 45.046906], [39.271506, 45.046906], [39.271506, 45.028921]]]}}, {"type": "Feature", "properties": {"zone": "c22_6", "q_main": 0.951, "q_local": 0.95}, "geometry": {"type": "Polygon", "coordinates": [[[39.296946, 45.028921], [39.322385, 45.028921], [39.322385, 45.046906], [39.296946, 45.046906], [39.296946, 45.028921]]]}}, {"type": "Feature", "properties": {"zone": "c0_7", "q_main": 0.901, "q_local": 0.9}, "geometry": {"type": "Polygon", "coordinates": [[[38.73728, 45.046906], [38.76272, 45.046906], [38.76272, 45.064892], [38.73728, 45.064892], [38.73728, 45.046906]]]}}, {"type": "Feature", "properties": {"zone": "c1_7", "q_main": 0.841, "q_local": 0.837}, "geometry": {"type": "Polygon", "coordinates": [[[38.76272, 45.046906], [38.788159, 45.046906], [38.788159, 45.064892], [38.76272, 45.064892], [38.76272, 45.046906]]]}}, {"type": "Feature", "properties": {"zone": "c2_7", "q_main": 0.685, "q_local": 0.726}, "geometry": {"type": "Polygon", "coordinates": [[[38.788159, 45.046906], [38.813598, 45.046906], [38.813598, 45.064892], [38.788159, 45.064892], [38.788159, 45.046906]]]}}, {"type": "Feature", "properties": {"zone": "c3_7", "q_main": 0.625, "q_local": 0.711}, "geometry": {"type": "Polygon", "coordinates": [[[38.813598, 45.046906], [38.839038, 45.046906], [38.839038, 45.064892], [38.813598, 45.064892], [38.813598, 45.046906]]]}}, {"type": "Feature", "properties": {"zone": "c4_7", "q_main": 0.584, "q_local": 0.68}, "geometry": {"type": "Polygon", "coordinates": [[[38.839038, 45.046906], [38.864477, 45.046906], [38.864477, 45.064892], [38.839038, 45.064892], [38.839038, 45.046906]]]}}, {"type": "Feature", "properties": {"zone": "c5_7", "q_main": 0.552, "q_local": 0.628}, "geometry": {"type": "Polygon", "coordinates": [[[38.864477, 45.046906], [38.889916, 45.046906], [38.889916, 45.064892], [38.864477, 45.064892], [38.864477, 45.046906]]]}}, {"type": "Feature", "properties": {"zone": "c6_7", "q_main": 0.779, "q_local": 0.497}, "geometry": {"type": "Polygon", "coordinates": [[[38.889916, 45.046906], [38.915356, 45.046906], [38.915356, 45.064892], [38.889916, 45.064892], [38.889916, 45.046906]]]}}, {"type": "Feature", "properties": {"zone": "c7_7", "q_main": 1.275, "q_local": 1.046}, "geometry": {"type": "Polygon", "coordinates": [[[38.915356, 45.046906], [38.940795, 45.046906], [38.940795, 45.064892], [38.915356, 45.064892], [38.915356, 45.046906]]]}}, {"type": "Feature", "properties": {"zone": "c8_7", "q_main": 1.491, "q_local": 1.048}, "geometry": {"type": "Polygon", "coordinates": [[[38.940795, 45.046906], [38.966234, 45.046906], [38.966234, 45.064892], [38.940795, 45.064892], [38.940795, 45.046906]]]}}, {"type": "Feature", "properties": {"zone": "c9_7", "q_main": 1.604, "q_local": 0.882}, "geometry": {"type": "Polygon", "coordinates": [[[38.966234, 45.046906], [38.991674, 45.046906], [38.991674, 45.064892], [38.966234, 45.064892], [38.966234, 45.046906]]]}}, {"type": "Feature", "properties": {"zone": "c10_7", "q_main": 2.06, "q_local": 1.65}, "geometry": {"type": "Polygon", "coordinates": [[[38.991674, 45.046906], [39.017113, 45.046906], [39.017113, 45.064892], [38.991674, 45.064892], [38.991674, 45.046906]]]}}, {"type": "Feature", "properties": {"zone": "c11_7", "q_main": 1.065, "q_local": 1.173}, "geometry": {"type": "Polygon", "coordinates": [[[39.017113, 45.046906], [39.042552, 45.046906], [39.042552, 45.064892], [39.017113, 45.064892], [39.017113, 45.046906]]]}}, {"type": "Feature", "properties": {"zone": "c12_7", "q_main": 0.922, "q_local": 1.077}, "geometry": {"type": "Polygon", "coordinates": [[[39.042552, 45.046906], [39.067992, 45.046906], [39.067992, 45.064892], [39.042552, 45.064892], [39.042552, 45.046906]]]}}, {"type": "Feature", "properties": {"zone": "c13_7", "q_main": 0.969, "q_local": 1.095}, "geometry": {"type": "Polygon", "coordinates": [[[39.067992, 45.046906], [39.093431, 45.046906], [39.093431, 45.064892], [39.067992, 45.064892], [39.067992, 45.046906]]]}}, {"type": "Feature", "properties": {"zone": "c14_7", "q_main": 1.0, "q_local": 0.722}, "geometry": {"type": "Polygon", "coordinates": [[[39.093431, 45.046906], [39.11887, 45.046906], [39.11887, 45.064892], [39.093431, 45.064892], [39.093431, 45.046906]]]}}, {"type": "Feature", "properties": {"zone": "c15_7", "q_main": 1.387, "q_local": 0.728}, "geometry": {"type": "Polygon", "coordinates": [[[39.11887, 45.046906], [39.14431, 45.046906], [39.14431, 45.064892], [39.11887, 45.064892], [39.11887, 45.046906]]]}}, {"type": "Feature", "properties": {"zone": "c16_7", "q_main": 1.003, "q_local": 0.58}, "geometry": {"type": "Polygon", "coordinates": [[[39.14431, 45.046906], [39.169749, 45.046906], [39.169749, 45.064892], [39.14431, 45.064892], [39.14431, 45.046906]]]}}, {"type": "Feature", "properties": {"zone": "c17_7", "q_main": 0.866, "q_local": 0.822}, "geometry": {"type": "Polygon", "coordinates": [[[39.169749, 45.046906], [39.195188, 45.046906], [39.195188, 45.064892], [39.169749, 45.064892], [39.169749, 45.046906]]]}}, {"type": "Feature", "properties": {"zone": "c18_7", "q_main": 0.864, "q_local": 0.859}, "geometry": {"type": "Polygon", "coordinates": [[[39.195188, 45.046906], [39.220628, 45.046906], [39.220628, 45.064892], [39.195188, 45.064892], [39.195188, 45.046906]]]}}, {"type": "Feature", "properties": {"zone": "c19_7", "q_main": 0.892, "q_local": 0.89}, "geometry": {"type": "Polygon", "coordinates": [[[39.220628, 45.046906], [39.246067, 45.046906], [39.246067, 45.064892], [39.220628, 45.064892], [39.220628, 45.046906]]]}}, {"type": "Feature", "properties": {"zone": "c20_7", "q_main": 0.925, "q_local": 0.925}, "geometry": {"type": "Polygon", "coordinates": [[[39.246067, 45.046906], [39.271506, 45.046906], [39.271506, 45.064892], [39.246067, 45.064892], [39.246067, 45.046906]]]}}, {"type": "Feature", "properties": {"zone": "c21_7", "q_main": 0.949, "q_local": 0.949}, "geometry": {"type": "Polygon", "coordinates": [[[39.271506, 45.046906], [39.296946, 45.046906], [39.296946, 45.064892], [39.271506, 45.064892], [39.271506, 45.046906]]]}}, {"type": "Feature", "properties": {"zone": "c22_7", "q_main": 0.96, "q_local": 0.96}, "geometry": {"type": "Polygon", "coordinates": [[[39.296946, 45.046906], [39.322385, 45.046906], [39.322385, 45.064892], [39.296946, 45.064892], [39.296946, 45.046906]]]}}, {"type": "Feature", "properties": {"zone": "c0_8", "q_main": 0.927, "q_local": 0.927}, "geometry": {"type": "Polygon", "coordinates": [[[38.73728, 45.064892], [38.76272, 45.064892], [38.76272, 45.082878], [38.73728, 45.082878], [38.73728, 45.064892]]]}}, {"type": "Feature", "properties": {"zone": "c1_8", "q_main": 0.903, "q_local": 0.903}, "geometry": {"type": "Polygon", "coordinates": [[[38.76272, 45.064892], [38.788159, 45.064892], [38.788159, 45.082878], [38.76272, 45.082878], [38.76272, 45.064892]]]}}, {"type": "Feature", "properties": {"zone": "c2_8", "q_main": 0.864, "q_local": 0.869}, "geometry": {"type": "Polygon", "coordinates": [[[38.788159, 45.064892], [38.813598, 45.064892], [38.813598, 45.082878], [38.788159, 45.082878], [38.788159, 45.064892]]]}}, {"type": "Feature", "properties": {"zone": "c3_8", "q_main": 0.863, "q_local": 0.873}, "geometry": {"type": "Polygon", "coordinates": [[[38.813598, 45.064892], [38.839038, 45.064892], [38.839038, 45.082878], [38.813598, 45.082878], [38.813598, 45.064892]]]}}, {"type": "Feature", "properties": {"zone": "c4_8", "q_main": 0.912, "q_local": 0.92}, "geometry": {"type": "Polygon", "coordinates": [[[38.839038, 45.064892], [38.864477, 45.064892], [38.864477, 45.082878], [38.839038, 45.082878], [38.839038, 45.064892]]]}}, {"type": "Feature", "properties": {"zone": "c5_8", "q_main": 1.072, "q_local": 1.049}, "geometry": {"type": "Polygon", "coordinates": [[[38.864477, 45.064892], [38.889916, 45.064892], [38.889916, 45.082878], [38.864477, 45.082878], [38.864477, 45.064892]]]}}, {"type": "Feature", "properties": {"zone": "c6_8", "q_main": 1.512, "q_local": 1.086}, "geometry": {"type": "Polygon", "coordinates": [[[38.889916, 45.064892], [38.915356, 45.064892], [38.915356, 45.082878], [38.889916, 45.082878], [38.889916, 45.064892]]]}}, {"type": "Feature", "properties": {"zone": "c7_8", "q_main": 1.129, "q_local": 0.75}, "geometry": {"type": "Polygon", "coordinates": [[[38.915356, 45.064892], [38.940795, 45.064892], [38.940795, 45.082878], [38.915356, 45.082878], [38.915356, 45.064892]]]}}, {"type": "Feature", "properties": {"zone": "c8_8", "q_main": 1.191, "q_local": 1.539}, "geometry": {"type": "Polygon", "coordinates": [[[38.940795, 45.064892], [38.966234, 45.064892], [38.966234, 45.082878], [38.940795, 45.082878], [38.940795, 45.064892]]]}}, {"type": "Feature", "properties": {"zone": "c9_8", "q_main": 0.97, "q_local": 0.3}, "geometry": {"type": "Polygon", "coordinates": [[[38.966234, 45.064892], [38.991674, 45.064892], [38.991674, 45.082878], [38.966234, 45.082878], [38.966234, 45.064892]]]}}, {"type": "Feature", "properties": {"zone": "c10_8", "q_main": 0.874, "q_local": 0.86}, "geometry": {"type": "Polygon", "coordinates": [[[38.991674, 45.064892], [39.017113, 45.064892], [39.017113, 45.082878], [38.991674, 45.082878], [38.991674, 45.064892]]]}}, {"type": "Feature", "properties": {"zone": "c11_8", "q_main": 1.125, "q_local": 1.298}, "geometry": {"type": "Polygon", "coordinates": [[[39.017113, 45.064892], [39.042552, 45.064892], [39.042552, 45.082878], [39.017113, 45.082878], [39.017113, 45.064892]]]}}, {"type": "Feature", "properties": {"zone": "c12_8", "q_main": 0.862, "q_local": 0.717}, "geometry": {"type": "Polygon", "coordinates": [[[39.042552, 45.064892], [39.067992, 45.064892], [39.067992, 45.082878], [39.042552, 45.082878], [39.042552, 45.064892]]]}}, {"type": "Feature", "properties": {"zone": "c13_8", "q_main": 0.992, "q_local": 1.016}, "geometry": {"type": "Polygon", "coordinates": [[[39.067992, 45.064892], [39.093431, 45.064892], [39.093431, 45.082878], [39.067992, 45.082878], [39.067992, 45.064892]]]}}, {"type": "Feature", "properties": {"zone": "c14_8", "q_main": 0.85, "q_local": 0.522}, "geometry": {"type": "Polygon", "coordinates": [[[39.093431, 45.064892], [39.11887, 45.064892], [39.11887, 45.082878], [39.093431, 45.082878], [39.093431, 45.064892]]]}}, {"type": "Feature", "properties": {"zone": "c15_8", "q_main": 1.358, "q_local": 0.636}, "geometry": {"type": "Polygon", "coordinates": [[[39.11887, 45.064892], [39.14431, 45.064892], [39.14431, 45.082878], [39.11887, 45.082878], [39.11887, 45.064892]]]}}, {"type": "Feature", "properties": {"zone": "c16_8", "q_main": 0.983, "q_local": 0.84}, "geometry": {"type": "Polygon", "coordinates": [[[39.14431, 45.064892], [39.169749, 45.064892], [39.169749, 45.082878], [39.14431, 45.082878], [39.14431, 45.064892]]]}}, {"type": "Feature", "properties": {"zone": "c17_8", "q_main": 0.91, "q_local": 0.892}, "geometry": {"type": "Polygon", "coordinates": [[[39.169749, 45.064892], [39.195188, 45.064892], [39.195188, 45.082878], [39.169749, 45.082878], [39.169749, 45.064892]]]}}, {"type": "Feature", "properties": {"zone": "c18_8", "q_main": 0.913, "q_local": 0.911}, "geometry": {"type": "Polygon", "coordinates": [[[39.195188, 45.064892], [39.220628, 45.064892], [39.220628, 45.082878], [39.195188, 45.082878], [39.195188, 45.064892]]]}}, {"type": "Feature", "properties": {"zone": "c19_8", "q_main": 0.93, "q_local": 0.93}, "geometry": {"type": "Polygon", "coordinates": [[[39.220628, 45.064892], [39.246067, 45.064892], [39.246067, 45.082878], [39.220628, 45.082878], [39.220628, 45.064892]]]}}, {"type": "Feature", "properties": {"zone": "c20_8", "q_main": 0.949, "q_local": 0.949}, "geometry": {"type": "Polygon", "coordinates": [[[39.246067, 45.064892], [39.271506, 45.064892], [39.271506, 45.082878], [39.246067, 45.082878], [39.246067, 45.064892]]]}}, {"type": "Feature", "properties": {"zone": "c21_8", "q_main": 0.962, "q_local": 0.962}, "geometry": {"type": "Polygon", "coordinates": [[[39.271506, 45.064892], [39.296946, 45.064892], [39.296946, 45.082878], [39.271506, 45.082878], [39.271506, 45.064892]]]}}, {"type": "Feature", "properties": {"zone": "c22_8", "q_main": 0.969, "q_local": 0.969}, "geometry": {"type": "Polygon", "coordinates": [[[39.296946, 45.064892], [39.322385, 45.064892], [39.322385, 45.082878], [39.296946, 45.082878], [39.296946, 45.064892]]]}}, {"type": "Feature", "properties": {"zone": "c0_9", "q_main": 0.956, "q_local": 0.956}, "geometry": {"type": "Polygon", "coordinates": [[[38.73728, 45.082878], [38.76272, 45.082878], [38.76272, 45.100863], [38.73728, 45.100863], [38.73728, 45.082878]]]}}, {"type": "Feature", "properties": {"zone": "c1_9", "q_main": 0.95, "q_local": 0.95}, "geometry": {"type": "Polygon", "coordinates": [[[38.76272, 45.082878], [38.788159, 45.082878], [38.788159, 45.100863], [38.76272, 45.100863], [38.76272, 45.082878]]]}}, {"type": "Feature", "properties": {"zone": "c2_9", "q_main": 0.95, "q_local": 0.95}, "geometry": {"type": "Polygon", "coordinates": [[[38.788159, 45.082878], [38.813598, 45.082878], [38.813598, 45.100863], [38.788159, 45.100863], [38.788159, 45.082878]]]}}, {"type": "Feature", "properties": {"zone": "c3_9", "q_main": 0.98, "q_local": 0.981}, "geometry": {"type": "Polygon", "coordinates": [[[38.813598, 45.082878], [38.839038, 45.082878], [38.839038, 45.100863], [38.813598, 45.100863], [38.813598, 45.082878]]]}}, {"type": "Feature", "properties": {"zone": "c4_9", "q_main": 1.085, "q_local": 1.078}, "geometry": {"type": "Polygon", "coordinates": [[[38.839038, 45.082878], [38.864477, 45.082878], [38.864477, 45.100863], [38.839038, 45.100863], [38.839038, 45.082878]]]}}, {"type": "Feature", "properties": {"zone": "c5_9", "q_main": 1.399, "q_local": 1.324}, "geometry": {"type": "Polygon", "coordinates": [[[38.864477, 45.082878], [38.889916, 45.082878], [38.889916, 45.100863], [38.864477, 45.100863], [38.864477, 45.082878]]]}}, {"type": "Feature", "properties": {"zone": "c6_9", "q_main": 2.299, "q_local": 1.786}, "geometry": {"type": "Polygon", "coordinates": [[[38.889916, 45.082878], [38.915356, 45.082878], [38.915356, 45.100863], [38.889916, 45.100863], [38.889916, 45.082878]]]}}, {"type": "Feature", "properties": {"zone": "c7_9", "q_main": 2.282, "q_local": 1.818}, "geometry": {"type": "Polygon", "coordinates": [[[38.915356, 45.082878], [38.940795, 45.082878], [38.940795, 45.100863], [38.915356, 45.100863], [38.915356, 45.082878]]]}}, {"type": "Feature", "properties": {"zone": "c8_9", "q_main": 3.0, "q_local": 2.83}, "geometry": {"type": "Polygon", "coordinates": [[[38.940795, 45.082878], [38.966234, 45.082878], [38.966234, 45.100863], [38.940795, 45.100863], [38.940795, 45.082878]]]}}, {"type": "Feature", "properties": {"zone": "c9_9", "q_main": 2.893, "q_local": 2.922}, "geometry": {"type": "Polygon", "coordinates": [[[38.966234, 45.082878], [38.991674, 45.082878], [38.991674, 45.100863], [38.966234, 45.100863], [38.966234, 45.082878]]]}}, {"type": "Feature", "properties": {"zone": "c10_9", "q_main": 1.613, "q_local": 1.915}, "geometry": {"type": "Polygon", "coordinates": [[[38.991674, 45.082878], [39.017113, 45.082878], [39.017113, 45.100863], [38.991674, 45.100863], [38.991674, 45.082878]]]}}, {"type": "Feature", "properties": {"zone": "c11_9", "q_main": 1.393, "q_local": 1.236}, "geometry": {"type": "Polygon", "coordinates": [[[39.017113, 45.082878], [39.042552, 45.082878], [39.042552, 45.100863], [39.017113, 45.100863], [39.017113, 45.082878]]]}}, {"type": "Feature", "properties": {"zone": "c12_9", "q_main": 1.121, "q_local": 1.129}, "geometry": {"type": "Polygon", "coordinates": [[[39.042552, 45.082878], [39.067992, 45.082878], [39.067992, 45.100863], [39.042552, 45.100863], [39.042552, 45.082878]]]}}, {"type": "Feature", "properties": {"zone": "c13_9", "q_main": 1.21, "q_local": 1.402}, "geometry": {"type": "Polygon", "coordinates": [[[39.067992, 45.082878], [39.093431, 45.082878], [39.093431, 45.100863], [39.067992, 45.100863], [39.067992, 45.082878]]]}}, {"type": "Feature", "properties": {"zone": "c14_9", "q_main": 0.991, "q_local": 1.2}, "geometry": {"type": "Polygon", "coordinates": [[[39.093431, 45.082878], [39.11887, 45.082878], [39.11887, 45.100863], [39.093431, 45.100863], [39.093431, 45.082878]]]}}, {"type": "Feature", "properties": {"zone": "c15_9", "q_main": 0.996, "q_local": 1.079}, "geometry": {"type": "Polygon", "coordinates": [[[39.11887, 45.082878], [39.14431, 45.082878], [39.14431, 45.100863], [39.11887, 45.100863], [39.11887, 45.082878]]]}}, {"type": "Feature", "properties": {"zone": "c16_9", "q_main": 0.884, "q_local": 0.898}, "geometry": {"type": "Polygon", "coordinates": [[[39.14431, 45.082878], [39.169749, 45.082878], [39.169749, 45.100863], [39.14431, 45.100863], [39.14431, 45.082878]]]}}, {"type": "Feature", "properties": {"zone": "c17_9", "q_main": 0.906, "q_local": 0.906}, "geometry": {"type": "Polygon", "coordinates": [[[39.169749, 45.082878], [39.195188, 45.082878], [39.195188, 45.100863], [39.169749, 45.100863], [39.169749, 45.082878]]]}}, {"type": "Feature", "properties": {"zone": "c18_9", "q_main": 0.929, "q_local": 0.928}, "geometry": {"type": "Polygon", "coordinates": [[[39.195188, 45.082878], [39.220628, 45.082878], [39.220628, 45.100863], [39.195188, 45.100863], [39.195188, 45.082878]]]}}, {"type": "Feature", "properties": {"zone": "c19_9", "q_main": 0.947, "q_local": 0.947}, "geometry": {"type": "Polygon", "coordinates": [[[39.220628, 45.082878], [39.246067, 45.082878], [39.246067, 45.100863], [39.220628, 45.100863], [39.220628, 45.082878]]]}}, {"type": "Feature", "properties": {"zone": "c20_9", "q_main": 0.962, "q_local": 0.962}, "geometry": {"type": "Polygon", "coordinates": [[[39.246067, 45.082878], [39.271506, 45.082878], [39.271506, 45.100863], [39.246067, 45.100863], [39.246067, 45.082878]]]}}, {"type": "Feature", "properties": {"zone": "c21_9", "q_main": 0.972, "q_local": 0.972}, "geometry": {"type": "Polygon", "coordinates": [[[39.271506, 45.082878], [39.296946, 45.082878], [39.296946, 45.100863], [39.271506, 45.100863], [39.271506, 45.082878]]]}}, {"type": "Feature", "properties": {"zone": "c22_9", "q_main": 0.977, "q_local": 0.977}, "geometry": {"type": "Polygon", "coordinates": [[[39.296946, 45.082878], [39.322385, 45.082878], [39.322385, 45.100863], [39.296946, 45.100863], [39.296946, 45.082878]]]}}, {"type": "Feature", "properties": {"zone": "c0_10", "q_main": 0.976, "q_local": 0.976}, "geometry": {"type": "Polygon", "coordinates": [[[38.73728, 45.100863], [38.76272, 45.100863], [38.76272, 45.118849], [38.73728, 45.118849], [38.73728, 45.100863]]]}}, {"type": "Feature", "properties": {"zone": "c1_10", "q_main": 0.978, "q_local": 0.978}, "geometry": {"type": "Polygon", "coordinates": [[[38.76272, 45.100863], [38.788159, 45.100863], [38.788159, 45.118849], [38.76272, 45.118849], [38.76272, 45.100863]]]}}, {"type": "Feature", "properties": {"zone": "c2_10", "q_main": 0.987, "q_local": 0.987}, "geometry": {"type": "Polygon", "coordinates": [[[38.788159, 45.100863], [38.813598, 45.100863], [38.813598, 45.118849], [38.788159, 45.118849], [38.788159, 45.100863]]]}}, {"type": "Feature", "properties": {"zone": "c3_10", "q_main": 1.018, "q_local": 1.017}, "geometry": {"type": "Polygon", "coordinates": [[[38.813598, 45.100863], [38.839038, 45.100863], [38.839038, 45.118849], [38.813598, 45.118849], [38.813598, 45.100863]]]}}, {"type": "Feature", "properties": {"zone": "c4_10", "q_main": 1.094, "q_local": 1.087}, "geometry": {"type": "Polygon", "coordinates": [[[38.839038, 45.100863], [38.864477, 45.100863], [38.864477, 45.118849], [38.839038, 45.118849], [38.839038, 45.100863]]]}}, {"type": "Feature", "properties": {"zone": "c5_10", "q_main": 1.272, "q_local": 1.216}, "geometry": {"type": "Polygon", "coordinates": [[[38.864477, 45.100863], [38.889916, 45.100863], [38.889916, 45.118849], [38.864477, 45.118849], [38.864477, 45.100863]]]}}, {"type": "Feature", "properties": {"zone": "c6_10", "q_main": 1.759, "q_local": 1.276}, "geometry": {"type": "Polygon", "coordinates": [[[38.889916, 45.100863], [38.915356, 45.100863], [38.915356, 45.118849], [38.889916, 45.118849], [38.889916, 45.100863]]]}}, {"type": "Feature", "properties": {"zone": "c7_10", "q_main": 2.394, "q_local": 0.814}, "geometry": {"type": "Polygon", "coordinates": [[[38.915356, 45.100863], [38.940795, 45.100863], [38.940795, 45.118849], [38.915356, 45.118849], [38.915356, 45.100863]]]}}, {"type": "Feature", "properties": {"zone": "c8_10", "q_main": 3.0, "q_local": 1.22}, "geometry": {"type": "Polygon", "coordinates": [[[38.940795, 45.100863], [38.966234, 45.100863], [38.966234, 45.118849], [38.940795, 45.118849], [38.940795, 45.100863]]]}}, {"type": "Feature", "properties": {"zone": "c9_10", "q_main": 0.3, "q_local": 1.189}, "geometry": {"type": "Polygon", "coordinates": [[[38.966234, 45.100863], [38.991674, 45.100863], [38.991674, 45.118849], [38.966234, 45.118849], [38.966234, 45.100863]]]}}, {"type": "Feature", "properties": {"zone": "c10_10", "q_main": 0.641, "q_local": 1.504}, "geometry": {"type": "Polygon", "coordinates": [[[38.991674, 45.100863], [39.017113, 45.100863], [39.017113, 45.118849], [38.991674, 45.118849], [38.991674, 45.100863]]]}}, {"type": "Feature", "properties": {"zone": "c11_10", "q_main": 1.373, "q_local": 1.313}, "geometry": {"type": "Polygon", "coordinates": [[[39.017113, 45.100863], [39.042552, 45.100863], [39.042552, 45.118849], [39.017113, 45.118849], [39.017113, 45.100863]]]}}, {"type": "Feature", "properties": {"zone": "c12_10", "q_main": 1.443, "q_local": 1.78}, "geometry": {"type": "Polygon", "coordinates": [[[39.042552, 45.100863], [39.067992, 45.100863], [39.067992, 45.118849], [39.042552, 45.118849], [39.042552, 45.100863]]]}}, {"type": "Feature", "properties": {"zone": "c13_10", "q_main": 1.049, "q_local": 1.139}, "geometry": {"type": "Polygon", "coordinates": [[[39.067992, 45.100863], [39.093431, 45.100863], [39.093431, 45.118849], [39.067992, 45.118849], [39.067992, 45.100863]]]}}, {"type": "Feature", "properties": {"zone": "c14_10", "q_main": 0.3, "q_local": 0.662}, "geometry": {"type": "Polygon", "coordinates": [[[39.093431, 45.100863], [39.11887, 45.100863], [39.11887, 45.118849], [39.093431, 45.118849], [39.093431, 45.100863]]]}}, {"type": "Feature", "properties": {"zone": "c15_10", "q_main": 0.3, "q_local": 0.612}, "geometry": {"type": "Polygon", "coordinates": [[[39.11887, 45.100863], [39.14431, 45.100863], [39.14431, 45.118849], [39.11887, 45.118849], [39.11887, 45.100863]]]}}, {"type": "Feature", "properties": {"zone": "c16_10", "q_main": 0.737, "q_local": 0.778}, "geometry": {"type": "Polygon", "coordinates": [[[39.14431, 45.100863], [39.169749, 45.100863], [39.169749, 45.118849], [39.14431, 45.118849], [39.14431, 45.100863]]]}}, {"type": "Feature", "properties": {"zone": "c17_10", "q_main": 0.874, "q_local": 0.878}, "geometry": {"type": "Polygon", "coordinates": [[[39.169749, 45.100863], [39.195188, 45.100863], [39.195188, 45.118849], [39.169749, 45.118849], [39.169749, 45.100863]]]}}, {"type": "Feature", "properties": {"zone": "c18_10", "q_main": 0.927, "q_local": 0.927}, "geometry": {"type": "Polygon", "coordinates": [[[39.195188, 45.100863], [39.220628, 45.100863], [39.220628, 45.118849], [39.195188, 45.118849], [39.195188, 45.100863]]]}}, {"type": "Feature", "properties": {"zone": "c19_10", "q_main": 0.954, "q_local": 0.954}, "geometry": {"type": "Polygon", "coordinates": [[[39.220628, 45.100863], [39.246067, 45.100863], [39.246067, 45.118849], [39.220628, 45.118849], [39.220628, 45.100863]]]}}, {"type": "Feature", "properties": {"zone": "c20_10", "q_main": 0.969, "q_local": 0.969}, "geometry": {"type": "Polygon", "coordinates": [[[39.246067, 45.100863], [39.271506, 45.100863], [39.271506, 45.118849], [39.246067, 45.118849], [39.246067, 45.100863]]]}}, {"type": "Feature", "properties": {"zone": "c21_10", "q_main": 0.977, "q_local": 0.977}, "geometry": {"type": "Polygon", "coordinates": [[[39.271506, 45.100863], [39.296946, 45.100863], [39.296946, 45.118849], [39.271506, 45.118849], [39.271506, 45.100863]]]}}, {"type": "Feature", "properties": {"zone": "c22_10", "q_main": 0.981, "q_local": 0.981}, "geometry": {"type": "Polygon", "coordinates": [[[39.296946, 45.100863], [39.322385, 45.100863], [39.322385, 45.118849], [39.296946, 45.118849], [39.296946, 45.100863]]]}}, {"type": "Feature", "properties": {"zone": "c0_11", "q_main": 0.988, "q_local": 0.988}, "geometry": {"type": "Polygon", "coordinates": [[[38.73728, 45.118849], [38.76272, 45.118849], [38.76272, 45.136835], [38.73728, 45.136835], [38.73728, 45.118849]]]}}, {"type": "Feature", "properties": {"zone": "c1_11", "q_main": 0.991, "q_local": 0.991}, "geometry": {"type": "Polygon", "coordinates": [[[38.76272, 45.118849], [38.788159, 45.118849], [38.788159, 45.136835], [38.76272, 45.136835], [38.76272, 45.118849]]]}}, {"type": "Feature", "properties": {"zone": "c2_11", "q_main": 0.999, "q_local": 0.999}, "geometry": {"type": "Polygon", "coordinates": [[[38.788159, 45.118849], [38.813598, 45.118849], [38.813598, 45.136835], [38.788159, 45.136835], [38.788159, 45.118849]]]}}, {"type": "Feature", "properties": {"zone": "c3_11", "q_main": 1.017, "q_local": 1.016}, "geometry": {"type": "Polygon", "coordinates": [[[38.813598, 45.118849], [38.839038, 45.118849], [38.839038, 45.136835], [38.813598, 45.136835], [38.813598, 45.118849]]]}}, {"type": "Feature", "properties": {"zone": "c4_11", "q_main": 1.048, "q_local": 1.046}, "geometry": {"type": "Polygon", "coordinates": [[[38.839038, 45.118849], [38.864477, 45.118849], [38.864477, 45.136835], [38.839038, 45.136835], [38.839038, 45.118849]]]}}, {"type": "Feature", "properties": {"zone": "c5_11", "q_main": 1.089, "q_local": 1.071}, "geometry": {"type": "Polygon", "coordinates": [[[38.864477, 45.118849], [38.889916, 45.118849], [38.889916, 45.136835], [38.864477, 45.136835], [38.864477, 45.118849]]]}}, {"type": "Feature", "properties": {"zone": "c6_11", "q_main": 1.1, "q_local": 0.979}, "geometry": {"type": "Polygon", "coordinates": [[[38.889916, 45.118849], [38.915356, 45.118849], [38.915356, 45.136835], [38.889916, 45.136835], [38.889916, 45.118849]]]}}, {"type": "Feature", "properties": {"zone": "c7_11", "q_main": 0.979, "q_local": 0.574}, "geometry": {"type": "Polygon", "coordinates": [[[38.915356, 45.118849], [38.940795, 45.118849], [38.940795, 45.136835], [38.915356, 45.136835], [38.915356, 45.118849]]]}}, {"type": "Feature", "properties": {"zone": "c8_11", "q_main": 1.111, "q_local": 0.828}, "geometry": {"type": "Polygon", "coordinates": [[[38.940795, 45.118849], [38.966234, 45.118849], [38.966234, 45.136835], [38.940795, 45.136835], [38.940795, 45.118849]]]}}, {"type": "Feature", "properties": {"zone": "c9_11", "q_main": 0.59, "q_local": 1.019}, "geometry": {"type": "Polygon", "coordinates": [[[38.966234, 45.118849], [38.991674, 45.118849], [38.991674, 45.136835], [38.966234, 45.136835], [38.966234, 45.118849]]]}}, {"type": "Feature", "properties": {"zone": "c10_11", "q_main": 1.545, "q_local": 1.168}, "geometry": {"type": "Polygon", "coordinates": [[[38.991674, 45.118849], [39.017113, 45.118849], [39.017113, 45.136835], [38.991674, 45.136835], [38.991674, 45.118849]]]}}, {"type": "Feature", "properties": {"zone": "c11_11", "q_main": 1.337, "q_local": 1.185}, "geometry": {"type": "Polygon", "coordinates": [[[39.017113, 45.118849], [39.042552, 45.118849], [39.042552, 45.136835], [39.017113, 45.136835], [39.017113, 45.118849]]]}}, {"type": "Feature", "properties": {"zone": "c12_11", "q_main": 1.177, "q_local": 1.204}, "geometry": {"type": "Polygon", "coordinates": [[[39.042552, 45.118849], [39.067992, 45.118849], [39.067992, 45.136835], [39.042552, 45.136835], [39.042552, 45.118849]]]}}, {"type": "Feature", "properties": {"zone": "c13_11", "q_main": 0.918, "q_local": 0.942}, "geometry": {"type": "Polygon", "coordinates": [[[39.067992, 45.118849], [39.093431, 45.118849], [39.093431, 45.136835], [39.067992, 45.136835], [39.067992, 45.118849]]]}}, {"type": "Feature", "properties": {"zone": "c14_11", "q_main": 0.521, "q_local": 0.658}, "geometry": {"type": "Polygon", "coordinates": [[[39.093431, 45.118849], [39.11887, 45.118849], [39.11887, 45.136835], [39.093431, 45.136835], [39.093431, 45.118849]]]}}, {"type": "Feature", "properties": {"zone": "c15_11", "q_main": 0.519, "q_local": 0.634}, "geometry": {"type": "Polygon", "coordinates": [[[39.11887, 45.118849], [39.14431, 45.118849], [39.14431, 45.136835], [39.11887, 45.136835], [39.11887, 45.118849]]]}}, {"type": "Feature", "properties": {"zone": "c16_11", "q_main": 0.764, "q_local": 0.78}, "geometry": {"type": "Polygon", "coordinates": [[[39.14431, 45.118849], [39.169749, 45.118849], [39.169749, 45.136835], [39.14431, 45.136835], [39.14431, 45.118849]]]}}, {"type": "Feature", "properties": {"zone": "c17_11", "q_main": 0.875, "q_local": 0.877}, "geometry": {"type": "Polygon", "coordinates": [[[39.169749, 45.118849], [39.195188, 45.118849], [39.195188, 45.136835], [39.169749, 45.136835], [39.169749, 45.118849]]]}}, {"type": "Feature", "properties": {"zone": "c18_11", "q_main": 0.929, "q_local": 0.929}, "geometry": {"type": "Polygon", "coordinates": [[[39.195188, 45.118849], [39.220628, 45.118849], [39.220628, 45.136835], [39.195188, 45.136835], [39.195188, 45.118849]]]}}, {"type": "Feature", "properties": {"zone": "c19_11", "q_main": 0.957, "q_local": 0.957}, "geometry": {"type": "Polygon", "coordinates": [[[39.220628, 45.118849], [39.246067, 45.118849], [39.246067, 45.136835], [39.220628, 45.136835], [39.220628, 45.118849]]]}}, {"type": "Feature", "properties": {"zone": "c20_11", "q_main": 0.973, "q_local": 0.973}, "geometry": {"type": "Polygon", "coordinates": [[[39.246067, 45.118849], [39.271506, 45.118849], [39.271506, 45.136835], [39.246067, 45.136835], [39.246067, 45.118849]]]}}, {"type": "Feature", "properties": {"zone": "c21_11", "q_main": 0.981, "q_local": 0.981}, "geometry": {"type": "Polygon", "coordinates": [[[39.271506, 45.118849], [39.296946, 45.118849], [39.296946, 45.136835], [39.271506, 45.136835], [39.271506, 45.118849]]]}}, {"type": "Feature", "properties": {"zone": "c22_11", "q_main": 0.985, "q_local": 0.985}, "geometry": {"type": "Polygon", "coordinates": [[[39.296946, 45.118849], [39.322385, 45.118849], [39.322385, 45.136835], [39.296946, 45.136835], [39.296946, 45.118849]]]}}, {"type": "Feature", "properties": {"zone": "c0_12", "q_main": 0.995, "q_local": 0.995}, "geometry": {"type": "Polygon", "coordinates": [[[38.73728, 45.136835], [38.76272, 45.136835], [38.76272, 45.15482], [38.73728, 45.15482], [38.73728, 45.136835]]]}}, {"type": "Feature", "properties": {"zone": "c1_12", "q_main": 0.996, "q_local": 0.996}, "geometry": {"type": "Polygon", "coordinates": [[[38.76272, 45.136835], [38.788159, 45.136835], [38.788159, 45.15482], [38.76272, 45.15482], [38.76272, 45.136835]]]}}, {"type": "Feature", "properties": {"zone": "c2_12", "q_main": 1.001, "q_local": 1.001}, "geometry": {"type": "Polygon", "coordinates": [[[38.788159, 45.136835], [38.813598, 45.136835], [38.813598, 45.15482], [38.788159, 45.15482], [38.788159, 45.136835]]]}}, {"type": "Feature", "properties": {"zone": "c3_12", "q_main": 1.008, "q_local": 1.008}, "geometry": {"type": "Polygon", "coordinates": [[[38.813598, 45.136835], [38.839038, 45.136835], [38.839038, 45.15482], [38.813598, 45.15482], [38.813598, 45.136835]]]}}, {"type": "Feature", "properties": {"zone": "c4_12", "q_main": 1.016, "q_local": 1.015}, "geometry": {"type": "Polygon", "coordinates": [[[38.839038, 45.136835], [38.864477, 45.136835], [38.864477, 45.15482], [38.839038, 45.15482], [38.839038, 45.136835]]]}}, {"type": "Feature", "properties": {"zone": "c5_12", "q_main": 1.013, "q_local": 1.01}, "geometry": {"type": "Polygon", "coordinates": [[[38.864477, 45.136835], [38.889916, 45.136835], [38.889916, 45.15482], [38.864477, 45.15482], [38.864477, 45.136835]]]}}, {"type": "Feature", "properties": {"zone": "c6_12", "q_main": 0.975, "q_local": 0.958}, "geometry": {"type": "Polygon", "coordinates": [[[38.889916, 45.136835], [38.915356, 45.136835], [38.915356, 45.15482], [38.889916, 45.15482], [38.889916, 45.136835]]]}}, {"type": "Feature", "properties": {"zone": "c7_12", "q_main": 0.876, "q_local": 0.829}, "geometry": {"type": "Polygon", "coordinates": [[[38.915356, 45.136835], [38.940795, 45.136835], [38.940795, 45.15482], [38.915356, 45.15482], [38.915356, 45.136835]]]}}, {"type": "Feature", "properties": {"zone": "c8_12", "q_main": 0.767, "q_local": 0.697}, "geometry": {"type": "Polygon", "coordinates": [[[38.940795, 45.136835], [38.966234, 45.136835], [38.966234, 45.15482], [38.940795, 45.15482], [38.940795, 45.136835]]]}}, {"type": "Feature", "properties": {"zone": "c9_12", "q_main": 0.437, "q_local": 0.3}, "geometry": {"type": "Polygon", "coordinates": [[[38.966234, 45.136835], [38.991674, 45.136835], [38.991674, 45.15482], [38.966234, 45.15482], [38.966234, 45.136835]]]}}, {"type": "Feature", "properties": {"zone": "c10_12", "q_main": 0.669, "q_local": 0.915}, "geometry": {"type": "Polygon", "coordinates": [[[38.991674, 45.136835], [39.017113, 45.136835], [39.017113, 45.15482], [38.991674, 45.15482], [38.991674, 45.136835]]]}}, {"type": "Feature", "properties": {"zone": "c11_12", "q_main": 0.965, "q_local": 0.94}, "geometry": {"type": "Polygon", "coordinates": [[[39.017113, 45.136835], [39.042552, 45.136835], [39.042552, 45.15482], [39.017113, 45.15482], [39.017113, 45.136835]]]}}, {"type": "Feature", "properties": {"zone": "c12_12", "q_main": 0.952, "q_local": 0.873}, "geometry": {"type": "Polygon", "coordinates": [[[39.042552, 45.136835], [39.067992, 45.136835], [39.067992, 45.15482], [39.042552, 45.15482], [39.042552, 45.136835]]]}}, {"type": "Feature", "properties": {"zone": "c13_12", "q_main": 0.828, "q_local": 0.823}, "geometry": {"type": "Polygon", "coordinates": [[[39.067992, 45.136835], [39.093431, 45.136835], [39.093431, 45.15482], [39.067992, 45.15482], [39.067992, 45.136835]]]}}, {"type": "Feature", "properties": {"zone": "c14_12", "q_main": 0.673, "q_local": 0.707}, "geometry": {"type": "Polygon", "coordinates": [[[39.093431, 45.136835], [39.11887, 45.136835], [39.11887, 45.15482], [39.093431, 45.15482], [39.093431, 45.136835]]]}}, {"type": "Feature", "properties": {"zone": "c15_12", "q_main": 0.696, "q_local": 0.72}, "geometry": {"type": "Polygon", "coordinates": [[[39.11887, 45.136835], [39.14431, 45.136835], [39.14431, 45.15482], [39.11887, 45.15482], [39.11887, 45.136835]]]}}, {"type": "Feature", "properties": {"zone": "c16_12", "q_main": 0.809, "q_local": 0.814}, "geometry": {"type": "Polygon", "coordinates": [[[39.14431, 45.136835], [39.169749, 45.136835], [39.169749, 45.15482], [39.14431, 45.15482], [39.14431, 45.136835]]]}}, {"type": "Feature", "properties": {"zone": "c17_12", "q_main": 0.888, "q_local": 0.888}, "geometry": {"type": "Polygon", "coordinates": [[[39.169749, 45.136835], [39.195188, 45.136835], [39.195188, 45.15482], [39.169749, 45.15482], [39.169749, 45.136835]]]}}, {"type": "Feature", "properties": {"zone": "c18_12", "q_main": 0.934, "q_local": 0.934}, "geometry": {"type": "Polygon", "coordinates": [[[39.195188, 45.136835], [39.220628, 45.136835], [39.220628, 45.15482], [39.195188, 45.15482], [39.195188, 45.136835]]]}}, {"type": "Feature", "properties": {"zone": "c19_12", "q_main": 0.961, "q_local": 0.961}, "geometry": {"type": "Polygon", "coordinates": [[[39.220628, 45.136835], [39.246067, 45.136835], [39.246067, 45.15482], [39.220628, 45.15482], [39.220628, 45.136835]]]}}, {"type": "Feature", "properties": {"zone": "c20_12", "q_main": 0.976, "q_local": 0.976}, "geometry": {"type": "Polygon", "coordinates": [[[39.246067, 45.136835], [39.271506, 45.136835], [39.271506, 45.15482], [39.246067, 45.15482], [39.246067, 45.136835]]]}}, {"type": "Feature", "properties": {"zone": "c21_12", "q_main": 0.984, "q_local": 0.984}, "geometry": {"type": "Polygon", "coordinates": [[[39.271506, 45.136835], [39.296946, 45.136835], [39.296946, 45.15482], [39.271506, 45.15482], [39.271506, 45.136835]]]}}, {"type": "Feature", "properties": {"zone": "c22_12", "q_main": 0.987, "q_local": 0.987}, "geometry": {"type": "Polygon", "coordinates": [[[39.296946, 45.136835], [39.322385, 45.136835], [39.322385, 45.15482], [39.296946, 45.15482], [39.296946, 45.136835]]]}}, {"type": "Feature", "properties": {"zone": "c0_13", "q_main": 0.997, "q_local": 0.997}, "geometry": {"type": "Polygon", "coordinates": [[[38.73728, 45.15482], [38.76272, 45.15482], [38.76272, 45.172806], [38.73728, 45.172806], [38.73728, 45.15482]]]}}, {"type": "Feature", "properties": {"zone": "c1_13", "q_main": 0.998, "q_local": 0.998}, "geometry": {"type": "Polygon", "coordinates": [[[38.76272, 45.15482], [38.788159, 45.15482], [38.788159, 45.172806], [38.76272, 45.172806], [38.76272, 45.15482]]]}}, {"type": "Feature", "properties": {"zone": "c2_13", "q_main": 0.999, "q_local": 0.999}, "geometry": {"type": "Polygon", "coordinates": [[[38.788159, 45.15482], [38.813598, 45.15482], [38.813598, 45.172806], [38.788159, 45.172806], [38.788159, 45.15482]]]}}, {"type": "Feature", "properties": {"zone": "c3_13", "q_main": 1.001, "q_local": 1.001}, "geometry": {"type": "Polygon", "coordinates": [[[38.813598, 45.15482], [38.839038, 45.15482], [38.839038, 45.172806], [38.813598, 45.172806], [38.813598, 45.15482]]]}}, {"type": "Feature", "properties": {"zone": "c4_13", "q_main": 0.999, "q_local": 0.999}, "geometry": {"type": "Polygon", "coordinates": [[[38.839038, 45.15482], [38.864477, 45.15482], [38.864477, 45.172806], [38.839038, 45.172806], [38.839038, 45.15482]]]}}, {"type": "Feature", "properties": {"zone": "c5_13", "q_main": 0.988, "q_local": 0.987}, "geometry": {"type": "Polygon", "coordinates": [[[38.864477, 45.15482], [38.889916, 45.15482], [38.889916, 45.172806], [38.864477, 45.172806], [38.864477, 45.15482]]]}}, {"type": "Feature", "properties": {"zone": "c6_13", "q_main": 0.955, "q_local": 0.953}, "geometry": {"type": "Polygon", "coordinates": [[[38.889916, 45.15482], [38.915356, 45.15482], [38.915356, 45.172806], [38.889916, 45.172806], [38.889916, 45.15482]]]}}, {"type": "Feature", "properties": {"zone": "c7_13", "q_main": 0.889, "q_local": 0.884}, "geometry": {"type": "Polygon", "coordinates": [[[38.915356, 45.15482], [38.940795, 45.15482], [38.940795, 45.172806], [38.915356, 45.172806], [38.915356, 45.15482]]]}}, {"type": "Feature", "properties": {"zone": "c8_13", "q_main": 0.781, "q_local": 0.782}, "geometry": {"type": "Polygon", "coordinates": [[[38.940795, 45.15482], [38.966234, 45.15482], [38.966234, 45.172806], [38.940795, 45.172806], [38.940795, 45.15482]]]}}, {"type": "Feature", "properties": {"zone": "c9_13", "q_main": 0.533, "q_local": 0.616}, "geometry": {"type": "Polygon", "coordinates": [[[38.966234, 45.15482], [38.991674, 45.15482], [38.991674, 45.172806], [38.966234, 45.172806], [38.966234, 45.15482]]]}}, {"type": "Feature", "properties": {"zone": "c10_13", "q_main": 0.48, "q_local": 1.093}, "geometry": {"type": "Polygon", "coordinates": [[[38.991674, 45.15482], [39.017113, 45.15482], [39.017113, 45.172806], [38.991674, 45.172806], [38.991674, 45.15482]]]}}, {"type": "Feature", "properties": {"zone": "c11_13", "q_main": 0.868, "q_local": 0.969}, "geometry": {"type": "Polygon", "coordinates": [[[39.017113, 45.15482], [39.042552, 45.15482], [39.042552, 45.172806], [39.017113, 45.172806], [39.017113, 45.15482]]]}}, {"type": "Feature", "properties": {"zone": "c12_13", "q_main": 0.805, "q_local": 0.747}, "geometry": {"type": "Polygon", "coordinates": [[[39.042552, 45.15482], [39.067992, 45.15482], [39.067992, 45.172806], [39.042552, 45.172806], [39.042552, 45.15482]]]}}, {"type": "Feature", "properties": {"zone": "c13_13", "q_main": 0.721, "q_local": 0.736}, "geometry": {"type": "Polygon", "coordinates": [[[39.067992, 45.15482], [39.093431, 45.15482], [39.093431, 45.172806], [39.067992, 45.172806], [39.067992, 45.15482]]]}}, {"type": "Feature", "properties": {"zone": "c14_13", "q_main": 0.551, "q_local": 0.639}, "geometry": {"type": "Polygon", "coordinates": [[[39.093431, 45.15482], [39.11887, 45.15482], [39.11887, 45.172806], [39.093431, 45.172806], [39.093431, 45.15482]]]}}, {"type": "Feature", "properties": {"zone": "c15_13", "q_main": 0.681, "q_local": 0.714}, "geometry": {"type": "Polygon", "coordinates": [[[39.11887, 45.15482], [39.14431, 45.15482], [39.14431, 45.172806], [39.11887, 45.172806], [39.11887, 45.15482]]]}}, {"type": "Feature", "properties": {"zone": "c16_13", "q_main": 0.819, "q_local": 0.824}, "geometry": {"type": "Polygon", "coordinates": [[[39.14431, 45.15482], [39.169749, 45.15482], [39.169749, 45.172806], [39.14431, 45.172806], [39.14431, 45.15482]]]}}, {"type": "Feature", "properties": {"zone": "c17_13", "q_main": 0.896, "q_local": 0.897}, "geometry": {"type": "Polygon", "coordinates": [[[39.169749, 45.15482], [39.195188, 45.15482], [39.195188, 45.172806], [39.169749, 45.172806], [39.169749, 45.15482]]]}}, {"type": "Feature", "properties": {"zone": "c18_13", "q_main": 0.94, "q_local": 0.94}, "geometry": {"type": "Polygon", "coordinates": [[[39.195188, 45.15482], [39.220628, 45.15482], [39.220628, 45.172806], [39.195188, 45.172806], [39.195188, 45.15482]]]}}, {"type": "Feature", "properties": {"zone": "c19_13", "q_main": 0.965, "q_local": 0.965}, "geometry": {"type": "Polygon", "coordinates": [[[39.220628, 45.15482], [39.246067, 45.15482], [39.246067, 45.172806], [39.220628, 45.172806], [39.220628, 45.15482]]]}}, {"type": "Feature", "properties": {"zone": "c20_13", "q_main": 0.978, "q_local": 0.978}, "geometry": {"type": "Polygon", "coordinates": [[[39.246067, 45.15482], [39.271506, 45.15482], [39.271506, 45.172806], [39.246067, 45.172806], [39.246067, 45.15482]]]}}, {"type": "Feature", "properties": {"zone": "c21_13", "q_main": 0.986, "q_local": 0.986}, "geometry": {"type": "Polygon", "coordinates": [[[39.271506, 45.15482], [39.296946, 45.15482], [39.296946, 45.172806], [39.271506, 45.172806], [39.271506, 45.15482]]]}}, {"type": "Feature", "properties": {"zone": "c22_13", "q_main": 0.989, "q_local": 0.989}, "geometry": {"type": "Polygon", "coordinates": [[[39.296946, 45.15482], [39.322385, 45.15482], [39.322385, 45.172806], [39.296946, 45.172806], [39.296946, 45.15482]]]}}, {"type": "Feature", "properties": {"zone": "c0_14", "q_main": 0.998, "q_local": 0.998}, "geometry": {"type": "Polygon", "coordinates": [[[38.73728, 45.172806], [38.76272, 45.172806], [38.76272, 45.190791], [38.73728, 45.190791], [38.73728, 45.172806]]]}}, {"type": "Feature", "properties": {"zone": "c1_14", "q_main": 0.998, "q_local": 0.998}, "geometry": {"type": "Polygon", "coordinates": [[[38.76272, 45.172806], [38.788159, 45.172806], [38.788159, 45.190791], [38.76272, 45.190791], [38.76272, 45.172806]]]}}, {"type": "Feature", "properties": {"zone": "c2_14", "q_main": 0.998, "q_local": 0.998}, "geometry": {"type": "Polygon", "coordinates": [[[38.788159, 45.172806], [38.813598, 45.172806], [38.813598, 45.190791], [38.788159, 45.190791], [38.788159, 45.172806]]]}}, {"type": "Feature", "properties": {"zone": "c3_14", "q_main": 0.997, "q_local": 0.997}, "geometry": {"type": "Polygon", "coordinates": [[[38.813598, 45.172806], [38.839038, 45.172806], [38.839038, 45.190791], [38.813598, 45.190791], [38.813598, 45.172806]]]}}, {"type": "Feature", "properties": {"zone": "c4_14", "q_main": 0.993, "q_local": 0.993}, "geometry": {"type": "Polygon", "coordinates": [[[38.839038, 45.172806], [38.864477, 45.172806], [38.864477, 45.190791], [38.839038, 45.190791], [38.839038, 45.172806]]]}}, {"type": "Feature", "properties": {"zone": "c5_14", "q_main": 0.983, "q_local": 0.983}, "geometry": {"type": "Polygon", "coordinates": [[[38.864477, 45.172806], [38.889916, 45.172806], [38.889916, 45.190791], [38.864477, 45.190791], [38.864477, 45.172806]]]}}, {"type": "Feature", "properties": {"zone": "c6_14", "q_main": 0.96, "q_local": 0.96}, "geometry": {"type": "Polygon", "coordinates": [[[38.889916, 45.172806], [38.915356, 45.172806], [38.915356, 45.190791], [38.889916, 45.190791], [38.889916, 45.172806]]]}}, {"type": "Feature", "properties": {"zone": "c7_14", "q_main": 0.923, "q_local": 0.922}, "geometry": {"type": "Polygon", "coordinates": [[[38.915356, 45.172806], [38.940795, 45.172806], [38.940795, 45.190791], [38.915356, 45.190791], [38.915356, 45.172806]]]}}, {"type": "Feature", "properties": {"zone": "c8_14", "q_main": 0.87, "q_local": 0.871}, "geometry": {"type": "Polygon", "coordinates": [[[38.940795, 45.172806], [38.966234, 45.172806], [38.966234, 45.190791], [38.940795, 45.190791], [38.940795, 45.172806]]]}}, {"type": "Feature", "properties": {"zone": "c9_14", "q_main": 0.806, "q_local": 0.822}, "geometry": {"type": "Polygon", "coordinates": [[[38.966234, 45.172806], [38.991674, 45.172806], [38.991674, 45.190791], [38.966234, 45.190791], [38.966234, 45.172806]]]}}, {"type": "Feature", "properties": {"zone": "c10_14", "q_main": 0.821, "q_local": 0.888}, "geometry": {"type": "Polygon", "coordinates": [[[38.991674, 45.172806], [39.017113, 45.172806], [39.017113, 45.190791], [38.991674, 45.190791], [38.991674, 45.172806]]]}}, {"type": "Feature", "properties": {"zone": "c11_14", "q_main": 0.877, "q_local": 0.893}, "geometry": {"type": "Polygon", "coordinates": [[[39.017113, 45.172806], [39.042552, 45.172806], [39.042552, 45.190791], [39.017113, 45.190791], [39.017113, 45.172806]]]}}, {"type": "Feature", "properties": {"zone": "c12_14", "q_main": 0.827, "q_local": 0.826}, "geometry": {"type": "Polygon", "coordinates": [[[39.042552, 45.172806], [39.067992, 45.172806], [39.067992, 45.190791], [39.042552, 45.190791], [39.042552, 45.172806]]]}}, {"type": "Feature", "properties": {"zone": "c13_14", "q_main": 0.701, "q_local": 0.732}, "geometry": {"type": "Polygon", "coordinates": [[[39.067992, 45.172806], [39.093431, 45.172806], [39.093431, 45.190791], [39.067992, 45.190791], [39.067992, 45.172806]]]}}, {"type": "Feature", "properties": {"zone": "c14_14", "q_main": 0.304, "q_local": 0.552}, "geometry": {"type": "Polygon", "coordinates": [[[39.093431, 45.172806], [39.11887, 45.172806], [39.11887, 45.190791], [39.093431, 45.190791], [39.093431, 45.172806]]]}}, {"type": "Feature", "properties": {"zone": "c15_14", "q_main": 0.606, "q_local": 0.689}, "geometry": {"type": "Polygon", "coordinates": [[[39.11887, 45.172806], [39.14431, 45.172806], [39.14431, 45.190791], [39.11887, 45.190791], [39.11887, 45.172806]]]}}, {"type": "Feature", "properties": {"zone": "c16_14", "q_main": 0.822, "q_local": 0.831}, "geometry": {"type": "Polygon", "coordinates": [[[39.14431, 45.172806], [39.169749, 45.172806], [39.169749, 45.190791], [39.14431, 45.190791], [39.14431, 45.172806]]]}}, {"type": "Feature", "properties": {"zone": "c17_14", "q_main": 0.906, "q_local": 0.907}, "geometry": {"type": "Polygon", "coordinates": [[[39.169749, 45.172806], [39.195188, 45.172806], [39.195188, 45.190791], [39.169749, 45.190791], [39.169749, 45.172806]]]}}, {"type": "Feature", "properties": {"zone": "c18_14", "q_main": 0.947, "q_local": 0.947}, "geometry": {"type": "Polygon", "coordinates": [[[39.195188, 45.172806], [39.220628, 45.172806], [39.220628, 45.190791], [39.195188, 45.190791], [39.195188, 45.172806]]]}}, {"type": "Feature", "properties": {"zone": "c19_14", "q_main": 0.969, "q_local": 0.969}, "geometry": {"type": "Polygon", "coordinates": [[[39.220628, 45.172806], [39.246067, 45.172806], [39.246067, 45.190791], [39.220628, 45.190791], [39.220628, 45.172806]]]}}, {"type": "Feature", "properties": {"zone": "c20_14", "q_main": 0.981, "q_local": 0.981}, "geometry": {"type": "Polygon", "coordinates": [[[39.246067, 45.172806], [39.271506, 45.172806], [39.271506, 45.190791], [39.246067, 45.190791], [39.246067, 45.172806]]]}}, {"type": "Feature", "properties": {"zone": "c21_14", "q_main": 0.987, "q_local": 0.987}, "geometry": {"type": "Polygon", "coordinates": [[[39.271506, 45.172806], [39.296946, 45.172806], [39.296946, 45.190791], [39.271506, 45.190791], [39.271506, 45.172806]]]}}, {"type": "Feature", "properties": {"zone": "c22_14", "q_main": 0.99, "q_local": 0.99}, "geometry": {"type": "Polygon", "coordinates": [[[39.296946, 45.172806], [39.322385, 45.172806], [39.322385, 45.190791], [39.296946, 45.190791], [39.296946, 45.172806]]]}}, {"type": "Feature", "properties": {"zone": "c0_15", "q_main": 0.999, "q_local": 0.999}, "geometry": {"type": "Polygon", "coordinates": [[[38.73728, 45.190791], [38.76272, 45.190791], [38.76272, 45.208777], [38.73728, 45.208777], [38.73728, 45.190791]]]}}, {"type": "Feature", "properties": {"zone": "c1_15", "q_main": 0.998, "q_local": 0.998}, "geometry": {"type": "Polygon", "coordinates": [[[38.76272, 45.190791], [38.788159, 45.190791], [38.788159, 45.208777], [38.76272, 45.208777], [38.76272, 45.190791]]]}}, {"type": "Feature", "properties": {"zone": "c2_15", "q_main": 0.998, "q_local": 0.998}, "geometry": {"type": "Polygon", "coordinates": [[[38.788159, 45.190791], [38.813598, 45.190791], [38.813598, 45.208777], [38.788159, 45.208777], [38.788159, 45.190791]]]}}, {"type": "Feature", "properties": {"zone": "c3_15", "q_main": 0.996, "q_local": 0.996}, "geometry": {"type": "Polygon", "coordinates": [[[38.813598, 45.190791], [38.839038, 45.190791], [38.839038, 45.208777], [38.813598, 45.208777], [38.813598, 45.190791]]]}}, {"type": "Feature", "properties": {"zone": "c4_15", "q_main": 0.992, "q_local": 0.992}, "geometry": {"type": "Polygon", "coordinates": [[[38.839038, 45.190791], [38.864477, 45.190791], [38.864477, 45.208777], [38.839038, 45.208777], [38.839038, 45.190791]]]}}, {"type": "Feature", "properties": {"zone": "c5_15", "q_main": 0.984, "q_local": 0.984}, "geometry": {"type": "Polygon", "coordinates": [[[38.864477, 45.190791], [38.889916, 45.190791], [38.889916, 45.208777], [38.864477, 45.208777], [38.864477, 45.190791]]]}}, {"type": "Feature", "properties": {"zone": "c6_15", "q_main": 0.97, "q_local": 0.97}, "geometry": {"type": "Polygon", "coordinates": [[[38.889916, 45.190791], [38.915356, 45.190791], [38.915356, 45.208777], [38.889916, 45.208777], [38.889916, 45.190791]]]}}, {"type": "Feature", "properties": {"zone": "c7_15", "q_main": 0.95, "q_local": 0.95}, "geometry": {"type": "Polygon", "coordinates": [[[38.915356, 45.190791], [38.940795, 45.190791], [38.940795, 45.208777], [38.915356, 45.208777], [38.915356, 45.190791]]]}}, {"type": "Feature", "properties": {"zone": "c8_15", "q_main": 0.925, "q_local": 0.925}, "geometry": {"type": "Polygon", "coordinates": [[[38.940795, 45.190791], [38.966234, 45.190791], [38.966234, 45.208777], [38.940795, 45.208777], [38.940795, 45.190791]]]}}, {"type": "Feature", "properties": {"zone": "c9_15", "q_main": 0.903, "q_local": 0.905}, "geometry": {"type": "Polygon", "coordinates": [[[38.966234, 45.190791], [38.991674, 45.190791], [38.991674, 45.208777], [38.966234, 45.208777], [38.966234, 45.190791]]]}}, {"type": "Feature", "properties": {"zone": "c10_15", "q_main": 0.904, "q_local": 0.911}, "geometry": {"type": "Polygon", "coordinates": [[[38.991674, 45.190791], [39.017113, 45.190791], [39.017113, 45.208777], [38.991674, 45.208777], [38.991674, 45.190791]]]}}, {"type": "Feature", "properties": {"zone": "c11_15", "q_main": 0.906, "q_local": 0.908}, "geometry": {"type": "Polygon", "coordinates": [[[39.017113, 45.190791], [39.042552, 45.190791], [39.042552, 45.208777], [39.017113, 45.208777], [39.017113, 45.190791]]]}}, {"type": "Feature", "properties": {"zone": "c12_15", "q_main": 0.876, "q_local": 0.877}, "geometry": {"type": "Polygon", "coordinates": [[[39.042552, 45.190791], [39.067992, 45.190791], [39.067992, 45.208777], [39.042552, 45.208777], [39.042552, 45.190791]]]}}, {"type": "Feature", "properties": {"zone": "c13_15", "q_main": 0.818, "q_local": 0.824}, "geometry": {"type": "Polygon", "coordinates": [[[39.067992, 45.190791], [39.093431, 45.190791], [39.093431, 45.208777], [39.067992, 45.208777], [39.067992, 45.190791]]]}}, {"type": "Feature", "properties": {"zone": "c14_15", "q_main": 0.737, "q_local": 0.763}, "geometry": {"type": "Polygon", "coordinates": [[[39.093431, 45.190791], [39.11887, 45.190791], [39.11887, 45.208777], [39.093431, 45.208777], [39.093431, 45.190791]]]}}, {"type": "Feature", "properties": {"zone": "c15_15", "q_main": 0.8, "q_local": 0.81}, "geometry": {"type": "Polygon", "coordinates": [[[39.11887, 45.190791], [39.14431, 45.190791], [39.14431, 45.208777], [39.11887, 45.208777], [39.11887, 45.190791]]]}}, {"type": "Feature", "properties": {"zone": "c16_15", "q_main": 0.877, "q_local": 0.879}, "geometry": {"type": "Polygon", "coordinates": [[[39.14431, 45.190791], [39.169749, 45.190791], [39.169749, 45.208777], [39.14431, 45.208777], [39.14431, 45.190791]]]}}, {"type": "Feature", "properties": {"zone": "c17_15", "q_main": 0.927, "q_local": 0.927}, "geometry": {"type": "Polygon", "coordinates": [[[39.169749, 45.190791], [39.195188, 45.190791], [39.195188, 45.208777], [39.169749, 45.208777], [39.169749, 45.190791]]]}}, {"type": "Feature", "properties": {"zone": "c18_15", "q_main": 0.956, "q_local": 0.956}, "geometry": {"type": "Polygon", "coordinates": [[[39.195188, 45.190791], [39.220628, 45.190791], [39.220628, 45.208777], [39.195188, 45.208777], [39.195188, 45.190791]]]}}, {"type": "Feature", "properties": {"zone": "c19_15", "q_main": 0.974, "q_local": 0.974}, "geometry": {"type": "Polygon", "coordinates": [[[39.220628, 45.190791], [39.246067, 45.190791], [39.246067, 45.208777], [39.220628, 45.208777], [39.220628, 45.190791]]]}}, {"type": "Feature", "properties": {"zone": "c20_15", "q_main": 0.983, "q_local": 0.983}, "geometry": {"type": "Polygon", "coordinates": [[[39.246067, 45.190791], [39.271506, 45.190791], [39.271506, 45.208777], [39.246067, 45.208777], [39.246067, 45.190791]]]}}, {"type": "Feature", "properties": {"zone": "c21_15", "q_main": 0.989, "q_local": 0.989}, "geometry": {"type": "Polygon", "coordinates": [[[39.271506, 45.190791], [39.296946, 45.190791], [39.296946, 45.208777], [39.271506, 45.208777], [39.271506, 45.190791]]]}}, {"type": "Feature", "properties": {"zone": "c22_15", "q_main": 0.991, "q_local": 0.991}, "geometry": {"type": "Polygon", "coordinates": [[[39.296946, 45.190791], [39.322385, 45.190791], [39.322385, 45.208777], [39.296946, 45.208777], [39.296946, 45.190791]]]}}, {"type": "Feature", "properties": {"zone": "c0_16", "q_main": 0.999, "q_local": 0.999}, "geometry": {"type": "Polygon", "coordinates": [[[38.73728, 45.208777], [38.76272, 45.208777], [38.76272, 45.226763], [38.73728, 45.226763], [38.73728, 45.208777]]]}}, {"type": "Feature", "properties": {"zone": "c1_16", "q_main": 0.998, "q_local": 0.998}, "geometry": {"type": "Polygon", "coordinates": [[[38.76272, 45.208777], [38.788159, 45.208777], [38.788159, 45.226763], [38.76272, 45.226763], [38.76272, 45.208777]]]}}, {"type": "Feature", "properties": {"zone": "c2_16", "q_main": 0.998, "q_local": 0.998}, "geometry": {"type": "Polygon", "coordinates": [[[38.788159, 45.208777], [38.813598, 45.208777], [38.813598, 45.226763], [38.788159, 45.226763], [38.788159, 45.208777]]]}}, {"type": "Feature", "properties": {"zone": "c3_16", "q_main": 0.996, "q_local": 0.996}, "geometry": {"type": "Polygon", "coordinates": [[[38.813598, 45.208777], [38.839038, 45.208777], [38.839038, 45.226763], [38.813598, 45.226763], [38.813598, 45.208777]]]}}, {"type": "Feature", "properties": {"zone": "c4_16", "q_main": 0.992, "q_local": 0.992}, "geometry": {"type": "Polygon", "coordinates": [[[38.839038, 45.208777], [38.864477, 45.208777], [38.864477, 45.226763], [38.839038, 45.226763], [38.839038, 45.208777]]]}}, {"type": "Feature", "properties": {"zone": "c5_16", "q_main": 0.987, "q_local": 0.987}, "geometry": {"type": "Polygon", "coordinates": [[[38.864477, 45.208777], [38.889916, 45.208777], [38.889916, 45.226763], [38.864477, 45.226763], [38.864477, 45.208777]]]}}, {"type": "Feature", "properties": {"zone": "c6_16", "q_main": 0.978, "q_local": 0.978}, "geometry": {"type": "Polygon", "coordinates": [[[38.889916, 45.208777], [38.915356, 45.208777], [38.915356, 45.226763], [38.889916, 45.226763], [38.889916, 45.208777]]]}}, {"type": "Feature", "properties": {"zone": "c7_16", "q_main": 0.966, "q_local": 0.966}, "geometry": {"type": "Polygon", "coordinates": [[[38.915356, 45.208777], [38.940795, 45.208777], [38.940795, 45.226763], [38.915356, 45.226763], [38.915356, 45.208777]]]}}, {"type": "Feature", "properties": {"zone": "c8_16", "q_main": 0.953, "q_local": 0.953}, "geometry": {"type": "Polygon", "coordinates": [[[38.940795, 45.208777], [38.966234, 45.208777], [38.966234, 45.226763], [38.940795, 45.226763], [38.940795, 45.208777]]]}}, {"type": "Feature", "properties": {"zone": "c9_16", "q_main": 0.942, "q_local": 0.942}, "geometry": {"type": "Polygon", "coordinates": [[[38.966234, 45.208777], [38.991674, 45.208777], [38.991674, 45.226763], [38.966234, 45.226763], [38.966234, 45.208777]]]}}, {"type": "Feature", "properties": {"zone": "c10_16", "q_main": 0.937, "q_local": 0.938}, "geometry": {"type": "Polygon", "coordinates": [[[38.991674, 45.208777], [39.017113, 45.208777], [39.017113, 45.226763], [38.991674, 45.226763], [38.991674, 45.208777]]]}}, {"type": "Feature", "properties": {"zone": "c11_16", "q_main": 0.93, "q_local": 0.931}, "geometry": {"type": "Polygon", "coordinates": [[[39.017113, 45.208777], [39.042552, 45.208777], [39.042552, 45.226763], [39.017113, 45.226763], [39.017113, 45.208777]]]}}, {"type": "Feature", "properties": {"zone": "c12_16", "q_main": 0.913, "q_local": 0.914}, "geometry": {"type": "Polygon", "coordinates": [[[39.042552, 45.208777], [39.067992, 45.208777], [39.067992, 45.226763], [39.042552, 45.226763], [39.042552, 45.208777]]]}}, {"type": "Feature", "properties": {"zone": "c13_16", "q_main": 0.889, "q_local": 0.889}, "geometry": {"type": "Polygon", "coordinates": [[[39.067992, 45.208777], [39.093431, 45.208777], [39.093431, 45.226763], [39.067992, 45.226763], [39.067992, 45.208777]]]}}, {"type": "Feature", "properties": {"zone": "c14_16", "q_main": 0.868, "q_local": 0.87}, "geometry": {"type": "Polygon", "coordinates": [[[39.093431, 45.208777], [39.11887, 45.208777], [39.11887, 45.226763], [39.093431, 45.226763], [39.093431, 45.208777]]]}}, {"type": "Feature", "properties": {"zone": "c15_16", "q_main": 0.886, "q_local": 0.887}, "geometry": {"type": "Polygon", "coordinates": [[[39.11887, 45.208777], [39.14431, 45.208777], [39.14431, 45.226763], [39.11887, 45.226763], [39.11887, 45.208777]]]}}, {"type": "Feature", "properties": {"zone": "c16_16", "q_main": 0.918, "q_local": 0.918}, "geometry": {"type": "Polygon", "coordinates": [[[39.14431, 45.208777], [39.169749, 45.208777], [39.169749, 45.226763], [39.14431, 45.226763], [39.14431, 45.208777]]]}}, {"type": "Feature", "properties": {"zone": "c17_16", "q_main": 0.945, "q_local": 0.945}, "geometry": {"type": "Polygon", "coordinates": [[[39.169749, 45.208777], [39.195188, 45.208777], [39.195188, 45.226763], [39.169749, 45.226763], [39.169749, 45.208777]]]}}, {"type": "Feature", "properties": {"zone": "c18_16", "q_main": 0.965, "q_local": 0.965}, "geometry": {"type": "Polygon", "coordinates": [[[39.195188, 45.208777], [39.220628, 45.208777], [39.220628, 45.226763], [39.195188, 45.226763], [39.195188, 45.208777]]]}}, {"type": "Feature", "properties": {"zone": "c19_16", "q_main": 0.978, "q_local": 0.978}, "geometry": {"type": "Polygon", "coordinates": [[[39.220628, 45.208777], [39.246067, 45.208777], [39.246067, 45.226763], [39.220628, 45.226763], [39.220628, 45.208777]]]}}, {"type": "Feature", "properties": {"zone": "c20_16", "q_main": 0.986, "q_local": 0.986}, "geometry": {"type": "Polygon", "coordinates": [[[39.246067, 45.208777], [39.271506, 45.208777], [39.271506, 45.226763], [39.246067, 45.226763], [39.246067, 45.208777]]]}}, {"type": "Feature", "properties": {"zone": "c21_16", "q_main": 0.99, "q_local": 0.99}, "geometry": {"type": "Polygon", "coordinates": [[[39.271506, 45.208777], [39.296946, 45.208777], [39.296946, 45.226763], [39.271506, 45.226763], [39.271506, 45.208777]]]}}, {"type": "Feature", "properties": {"zone": "c22_16", "q_main": 0.992, "q_local": 0.992}, "geometry": {"type": "Polygon", "coordinates": [[[39.296946, 45.208777], [39.322385, 45.208777], [39.322385, 45.226763], [39.296946, 45.226763], [39.296946, 45.208777]]]}}, {"type": "Feature", "properties": {"zone": "c0_17", "q_main": 0.999, "q_local": 0.999}, "geometry": {"type": "Polygon", "coordinates": [[[38.73728, 45.226763], [38.76272, 45.226763], [38.76272, 45.244748], [38.73728, 45.244748], [38.73728, 45.226763]]]}}, {"type": "Feature", "properties": {"zone": "c1_17", "q_main": 0.998, "q_local": 0.998}, "geometry": {"type": "Polygon", "coordinates": [[[38.76272, 45.226763], [38.788159, 45.226763], [38.788159, 45.244748], [38.76272, 45.244748], [38.76272, 45.226763]]]}}, {"type": "Feature", "properties": {"zone": "c2_17", "q_main": 0.997, "q_local": 0.997}, "geometry": {"type": "Polygon", "coordinates": [[[38.788159, 45.226763], [38.813598, 45.226763], [38.813598, 45.244748], [38.788159, 45.244748], [38.788159, 45.226763]]]}}, {"type": "Feature", "properties": {"zone": "c3_17", "q_main": 0.996, "q_local": 0.996}, "geometry": {"type": "Polygon", "coordinates": [[[38.813598, 45.226763], [38.839038, 45.226763], [38.839038, 45.244748], [38.813598, 45.244748], [38.813598, 45.226763]]]}}, {"type": "Feature", "properties": {"zone": "c4_17", "q_main": 0.993, "q_local": 0.993}, "geometry": {"type": "Polygon", "coordinates": [[[38.839038, 45.226763], [38.864477, 45.226763], [38.864477, 45.244748], [38.839038, 45.244748], [38.839038, 45.226763]]]}}, {"type": "Feature", "properties": {"zone": "c5_17", "q_main": 0.988, "q_local": 0.988}, "geometry": {"type": "Polygon", "coordinates": [[[38.864477, 45.226763], [38.889916, 45.226763], [38.889916, 45.244748], [38.864477, 45.244748], [38.864477, 45.226763]]]}}, {"type": "Feature", "properties": {"zone": "c6_17", "q_main": 0.982, "q_local": 0.982}, "geometry": {"type": "Polygon", "coordinates": [[[38.889916, 45.226763], [38.915356, 45.226763], [38.915356, 45.244748], [38.889916, 45.244748], [38.889916, 45.226763]]]}}, {"type": "Feature", "properties": {"zone": "c7_17", "q_main": 0.973, "q_local": 0.973}, "geometry": {"type": "Polygon", "coordinates": [[[38.915356, 45.226763], [38.940795, 45.226763], [38.940795, 45.244748], [38.915356, 45.244748], [38.915356, 45.226763]]]}}, {"type": "Feature", "properties": {"zone": "c8_17", "q_main": 0.965, "q_local": 0.965}, "geometry": {"type": "Polygon", "coordinates": [[[38.940795, 45.226763], [38.966234, 45.226763], [38.966234, 45.244748], [38.940795, 45.244748], [38.940795, 45.226763]]]}}, {"type": "Feature", "properties": {"zone": "c9_17", "q_main": 0.957, "q_local": 0.957}, "geometry": {"type": "Polygon", "coordinates": [[[38.966234, 45.226763], [38.991674, 45.226763], [38.991674, 45.244748], [38.966234, 45.244748], [38.966234, 45.226763]]]}}, {"type": "Feature", "properties": {"zone": "c10_17", "q_main": 0.951, "q_local": 0.951}, "geometry": {"type": "Polygon", "coordinates": [[[38.991674, 45.226763], [39.017113, 45.226763], [39.017113, 45.244748], [38.991674, 45.244748], [38.991674, 45.226763]]]}}, {"type": "Feature", "properties": {"zone": "c11_17", "q_main": 0.943, "q_local": 0.944}, "geometry": {"type": "Polygon", "coordinates": [[[39.017113, 45.226763], [39.042552, 45.226763], [39.042552, 45.244748], [39.017113, 45.244748], [39.017113, 45.226763]]]}}, {"type": "Feature", "properties": {"zone": "c12_17", "q_main": 0.932, "q_local": 0.932}, "geometry": {"type": "Polygon", "coordinates": [[[39.042552, 45.226763], [39.067992, 45.226763], [39.067992, 45.244748], [39.042552, 45.244748], [39.042552, 45.226763]]]}}, {"type": "Feature", "properties": {"zone": "c13_17", "q_main": 0.919, "q_local": 0.919}, "geometry": {"type": "Polygon", "coordinates": [[[39.067992, 45.226763], [39.093431, 45.226763], [39.093431, 45.244748], [39.067992, 45.244748], [39.067992, 45.226763]]]}}, {"type": "Feature", "properties": {"zone": "c14_17", "q_main": 0.911, "q_local": 0.912}, "geometry": {"type": "Polygon", "coordinates": [[[39.093431, 45.226763], [39.11887, 45.226763], [39.11887, 45.244748], [39.093431, 45.244748], [39.093431, 45.226763]]]}}, {"type": "Feature", "properties": {"zone": "c15_17", "q_main": 0.92, "q_local": 0.92}, "geometry": {"type": "Polygon", "coordinates": [[[39.11887, 45.226763], [39.14431, 45.226763], [39.14431, 45.244748], [39.11887, 45.244748], [39.11887, 45.226763]]]}}, {"type": "Feature", "properties": {"zone": "c16_17", "q_main": 0.937, "q_local": 0.937}, "geometry": {"type": "Polygon", "coordinates": [[[39.14431, 45.226763], [39.169749, 45.226763], [39.169749, 45.244748], [39.14431, 45.244748], [39.14431, 45.226763]]]}}, {"type": "Feature", "properties": {"zone": "c17_17", "q_main": 0.955, "q_local": 0.955}, "geometry": {"type": "Polygon", "coordinates": [[[39.169749, 45.226763], [39.195188, 45.226763], [39.195188, 45.244748], [39.169749, 45.244748], [39.169749, 45.226763]]]}}, {"type": "Feature", "properties": {"zone": "c18_17", "q_main": 0.97, "q_local": 0.97}, "geometry": {"type": "Polygon", "coordinates": [[[39.195188, 45.226763], [39.220628, 45.226763], [39.220628, 45.244748], [39.195188, 45.244748], [39.195188, 45.226763]]]}}, {"type": "Feature", "properties": {"zone": "c19_17", "q_main": 0.98, "q_local": 0.98}, "geometry": {"type": "Polygon", "coordinates": [[[39.220628, 45.226763], [39.246067, 45.226763], [39.246067, 45.244748], [39.220628, 45.244748], [39.220628, 45.226763]]]}}, {"type": "Feature", "properties": {"zone": "c20_17", "q_main": 0.987, "q_local": 0.987}, "geometry": {"type": "Polygon", "coordinates": [[[39.246067, 45.226763], [39.271506, 45.226763], [39.271506, 45.244748], [39.246067, 45.244748], [39.246067, 45.226763]]]}}, {"type": "Feature", "properties": {"zone": "c21_17", "q_main": 0.991, "q_local": 0.991}, "geometry": {"type": "Polygon", "coordinates": [[[39.271506, 45.226763], [39.296946, 45.226763], [39.296946, 45.244748], [39.271506, 45.244748], [39.271506, 45.226763]]]}}, {"type": "Feature", "properties": {"zone": "c22_17", "q_main": 0.992, "q_local": 0.992}, "geometry": {"type": "Polygon", "coordinates": [[[39.296946, 45.226763], [39.322385, 45.226763], [39.322385, 45.244748], [39.296946, 45.244748], [39.296946, 45.226763]]]}}]}